ACARA_ID,School_Name,Suburb,Postcode,Type,Geolocation,Latitude,Longitude,BE_Score,School_Sector,Campus_Type,Governing_Body,Year_Range,ICSEA,Bottom_SEA_Quarter_(%),Lower_Middle_SEA_Quarter_(%),Upper_Middle_SEA_Quarter_(%),Top_SEA_Quarter_(%),Teaching_Staff,Full_Time_Equivalent_Teaching_Staff,Non-Teaching_Staff,Full_Time_Equivalent_Non-Teaching_Staff,Total_Enrolments,Girls_Enrolments,Boys_Enrolments,Full_Time_Equivalent_Enrolments,Indigenous_Enrolments_(%),Language_Background_Other_Than_English
40987,Abbotsford Public School,Abbotsford,2046,Primary,Major Cities,-33.8527,151.131,93,Government,School Single Entity,Department of Education NSW,K-6,1108,6,15,30,49,29,31,7,4.3,567,286,281,567,1,45
40366,Kinma School,Terrey Hills,2084,Primary,Major Cities,-33.6866,151.217,,Independent,School Single Entity,Association of Independent Schools of New South Wales,K-6,1135,1,8,28,62,10,8.3,5,2.9,90,45,45,90,0,2
40367,Knox Grammar School,Wahroonga,2076,Combined,Major Cities,-33.7231,151.119,100,Independent,School Head Campus,Association of Independent Schools of New South Wales,K-12,1170,1,4,17,78,303,285.3,366,219.6,3030,77,2953,3030,0,30
40369,Moriah College,Bondi Junction,2022,Combined,Major Cities,-33.8994,151.245,97,Independent,School Single Entity,Association of Independent Schools of New South Wales,K-12,1135,3,8,26,63,174,161.9,101,66.4,1449,706,743,1449,0,7
40381,Highfields Preparatory and Kindergarten School,Lindfield,2070,Primary,Major Cities,-33.775,151.164,,Independent,School Single Entity,Association of Independent Schools of New South Wales,K-2,1166,1,3,17,80,13,10.4,5,4.1,87,45,42,87,0,51
40408,Tangara School for Girls,Cherrybrook,2126,Combined,Major Cities,-33.7364,151.036,99,Independent,School Single Entity,Association of Independent Schools of New South Wales,K-12,1135,3,12,25,60,69,53.8,21,11.4,616,560,56,616,0,32
41184,Alexandria Park Community School,Alexandria,2015,Combined,Major Cities,-33.9002,151.196,90,Government,School Single Entity,Department of Education NSW,K-12,1028,20,18,29,33,56,66.2,13,12.3,882,375,507,881.4,19,59
43404,All Hallows Catholic Primary School,Five Dock,2046,Primary,Major Cities,-33.8609,151.134,93,Catholic,School Single Entity,Catholic Schools NSW,K-6,1106,4,17,33,46,32,24.7,11,3.6,457,261,196,457,0,42
40492,Australia Street Infants School,Newtown,2042,Primary,Major Cities,-33.8958,151.178,,Government,School Single Entity,Department of Education NSW,P-2,1124,2,7,30,61,7,9.5,5,3.8,99,45,54,99,1,19
40493,Russell Lea Public School,Russell Lea,2046,Primary,Major Cities,-33.8614,151.143,,Government,School Single Entity,Department of Education NSW,K-6,1140,2,8,29,61,13,14.4,1,2.5,258,143,115,258,0,31
41281,Allambie Heights Public School,Allambie Heights,2100,Primary,Major Cities,-33.7658,151.252,95,Government,School Single Entity,Department of Education NSW,K-6,1121,2,13,31,54,23,28.8,5,4.1,555,247,308,555,1,16
40494,Taverners Hill Infants School,Petersham,2049,Primary,Major Cities,-33.889,151.157,,Government,School Single Entity,Department of Education NSW,K-2,1115,2,11,32,55,4,4,2,1.5,61,22,39,61,3,25
40989,Annandale North Public School,Annandale,2038,Primary,Major Cities,-33.8779,151.172,95,Government,School Single Entity,Department of Education NSW,K-6,1148,2,6,22,70,17,20.5,4,3.1,402,206,196,402,3,22
40988,Annandale Public School,Annandale,2038,Primary,Major Cities,-33.8858,151.17,86,Government,School Single Entity,Department of Education NSW,P-6,1115,5,10,28,57,25,28.5,8,6.4,402,180,222,402,2,32
41195,Artarmon Public School,Artarmon,2064,Primary,Major Cities,-33.8112,151.186,100,Government,School Single Entity,Department of Education NSW,K-6,1177,1,5,17,77,58,64.4,7,7.1,1248,583,665,1248,0,83
41196,Asquith Public School,Asquith,2077,Primary,Major Cities,-33.6857,151.112,92,Government,School Single Entity,Department of Education NSW,"U, K-6",1095,7,16,33,44,21,26.6,8,6.2,452,219,233,452,2,48
41251,Avalon Public School,Avalon Beach,2107,Primary,Major Cities,-33.6396,151.327,92,Government,School Single Entity,Department of Education NSW,K-6,1096,5,18,37,40,37,46.1,8,5.9,914,461,453,914,0,11
40697,Barrenjoey Montessori School,Avalon,2107,Primary,Major Cities,-33.6312,151.334,,Independent,School Single Entity,Association of Independent Schools of New South Wales,K-6,1162,0,2,27,71,6,5.2,8,5,59,26,33,59,0,24
41248,Balgowlah Heights Public School,Balgowlah,2093,Primary,Major Cities,-33.8057,151.258,97,Government,School Single Entity,Department of Education NSW,K-6,1177,0,3,18,78,32,35.8,5,4.7,711,363,348,711,0,17
41269,Balgowlah North Public School,North Balgowlah,2093,Primary,Major Cities,-33.7833,151.246,95,Government,School Single Entity,Department of Education NSW,K-6,1143,1,8,25,66,25,28.9,6,4.1,568,265,303,568,1,11
41130,Balmain Public School,Balmain,2041,Primary,Major Cities,-33.8592,151.183,99,Government,School Single Entity,Department of Education NSW,K-6,1169,1,5,18,75,18,19.4,4,2.9,379,189,190,379,1,34
40992,Banksmeadow Public School,Botany,2019,Primary,Major Cities,-33.9537,151.207,83,Government,School Single Entity,Department of Education NSW,"U, P-6",1024,20,35,31,15,18,22.7,9,8,312,140,172,312,5,31
41268,Beacon Hill Public School,Beacon Hill,2100,Primary,Major Cities,-33.7516,151.261,92,Government,School Single Entity,Department of Education NSW,K-6,1088,7,20,35,38,25,27.8,5,4,533,255,278,533,1,22
41266,Beaumont Road Public School,Killara,2071,Primary,Major Cities,-33.7743,151.146,100,Government,School Single Entity,Department of Education NSW,K-6,1191,1,3,13,83,17,20.5,3,3.3,408,199,209,408,0,47
41307,Beauty Point Public School,Mosman,2088,Primary,Major Cities,-33.812,151.242,98,Government,School Single Entity,Department of Education NSW,K-6,1168,0,6,21,73,15,17,1,2.8,304,156,148,304,0,31
40832,Lindfield Montessori Preschool,West Lindfield,2070,Combined,Major Cities,-33.7778,151.148,,Independent,School Single Entity,Association of Independent Schools of New South Wales,K,,,,,,3,2.9,1,0.3,3,1,2,3,0,
41198,Beecroft Public School,Beecroft,2119,Primary,Major Cities,-33.7521,151.065,100,Government,School Single Entity,Department of Education NSW,K-6,1182,1,3,16,80,43,46.5,6,5.2,890,469,421,890,0,64
40844,Cameragal Montessori School,North Sydney,2060,Primary,Major Cities,-33.8334,151.216,,Independent,School Head Campus,Association of Independent Schools of New South Wales,K,1179,0,3,9,89,5,3.6,13,6.3,19,8,11,19,0,33
40845,Karuna Montessori School,Narraweena,2099,Combined,Major Cities,-33.7478,151.276,,Independent,School Single Entity,Montessori Australia,K,,,,,,3,2,1,1,8,3,5,8,0,
40850,Farmhouse Montessori School,North Balgowlah,2093,Combined,Major Cities,-33.7834,151.246,,Independent,School Head Campus,Association of Independent Schools of New South Wales,K-5,1180,0,1,14,85,7,5.4,5,4.5,44,18,26,44,0,34
40921,Reddam House,Woollahra,2025,Combined,Major Cities,-33.8893,151.253,99,Independent,School Head Campus,Association of Independent Schools of New South Wales,K-12,1189,0,2,13,84,142,104.9,62,24.8,1223,555,668,1223,0,88
40993,Bellevue Hill Public School,Bellevue Hill,2023,Primary,Major Cities,-33.887,151.26,98,Government,School Single Entity,Department of Education NSW,K-6,1155,2,7,21,70,32,34.1,7,4.1,566,284,282,566,1,53
41249,Belrose Public School,Belrose,2085,Primary,Major Cities,-33.7272,151.217,89,Government,School Single Entity,Department of Education NSW,K-6,1104,4,17,33,46,13,14.6,3,2.5,267,133,134,267,0,17
40995,Birchgrove Public School,Balmain,2041,Primary,Major Cities,-33.853,151.177,90,Government,School Single Entity,Department of Education NSW,P-6,1137,2,8,27,63,21,23.1,7,5.1,371,191,180,371,0,24
40997,Bondi Beach Public School,Bondi Beach,2026,Primary,Major Cities,-33.8883,151.277,91,Government,School Single Entity,Department of Education NSW,K-6,1124,3,11,30,56,29,31.4,3,4.1,618,276,342,618,1,28
40998,Botany Public School,Botany,2019,Primary,Major Cities,-33.9432,151.195,89,Government,School Single Entity,Department of Education NSW,K-6,1060,14,26,31,28,13,16,5,2.5,289,137,152,289,3,45
41000,Bronte Public School,Bronte,2024,Primary,Major Cities,-33.9006,151.262,96,Government,School Single Entity,Department of Education NSW,K-6,1162,1,5,22,72,20,20.8,5,2.9,388,182,206,388,0,19
41001,Camdenville Public School,Newtown,2042,Primary,Major Cities,-33.9061,151.176,92,Government,School Single Entity,Department of Education NSW,P-6,1118,7,10,25,58,18,20.5,6,5.5,344,166,178,344,3,23
41007,Clovelly Public School,Waverley,2024,Primary,Major Cities,-33.9074,151.26,94,Government,School Single Entity,Department of Education NSW,K-6,1151,1,7,23,70,30,32.3,5,4.1,599,313,286,599,1,20
41199,Berowra Public School,Berowra,2081,Primary,Major Cities,-33.6185,151.149,91,Government,School Single Entity,Department of Education NSW,K-6,1098,6,17,34,43,19,21.9,4,3.1,419,186,233,419,0,14
41010,Coogee Public School,Coogee,2034,Primary,Major Cities,-33.9205,151.25,90,Government,School Single Entity,Department of Education NSW,K-6,1131,2,10,27,60,30,32.5,7,4.1,615,308,307,615,1,33
41012,Darlington Public School,Chippendale,2008,Primary,Major Cities,-33.8926,151.189,80,Government,School Single Entity,Department of Education NSW,P-6,1023,18,19,28,35,17,17.9,6,5.6,206,98,108,206,24,33
41013,Double Bay Public School,Double Bay,2028,Primary,Major Cities,-33.8749,151.241,97,Government,School Single Entity,Department of Education NSW,K-6,1148,2,8,24,66,16,18.3,4,2.8,341,189,152,341,0,31
41014,Drummoyne Public School,Drummoyne,2047,Primary,Major Cities,-33.8561,151.153,94,Government,School Single Entity,Department of Education NSW,K-6,1134,2,11,28,59,34,34.7,4,4.1,620,326,294,620,0,42
41017,Five Dock Public School,Five Dock,2046,Primary,Major Cities,-33.8663,151.127,92,Government,School Single Entity,Department of Education NSW,"U, P-6",1079,12,19,32,37,26,26.2,9,7.1,392,196,196,392,3,44
41018,Forest Lodge Public School,Forest Lodge,2037,Primary,Major Cities,-33.8822,151.182,96,Government,School Single Entity,Department of Education NSW,K-6,1152,3,5,22,70,17,20.1,4,2.8,340,160,180,340,1,40
41019,Fort Street Public School,Sydney,2000,Primary,Major Cities,-33.8604,151.205,95,Government,School Single Entity,Department of Education NSW,K-6,1118,4,11,33,53,11,13.2,4,2.4,215,97,118,215,0,77
41020,Glenmore Road Public School,Paddington,2021,Primary,Major Cities,-33.8814,151.23,97,Government,School Single Entity,Department of Education NSW,K-6,1177,1,3,17,79,16,19.3,4,2.8,364,192,172,364,1,21
41022,Haberfield Public School,Haberfield,2045,Primary,Major Cities,-33.8795,151.134,98,Government,School Single Entity,Department of Education NSW,K-6,1133,3,10,29,58,34,39.4,5,4.3,670,338,332,670,0,63
41026,Kegworth Public School,Leichhardt,2040,Primary,Major Cities,-33.8865,151.147,96,Government,School Single Entity,Department of Education NSW,P-6,1113,6,12,27,55,18,20.3,6,4.1,343,166,177,343,5,30
41292,Bilgola Plateau Public School,Bilgola Plateau,2107,Primary,Major Cities,-33.644,151.313,94,Government,School Single Entity,Department of Education NSW,K-6,1109,3,15,34,48,26,27.5,2,4,532,274,258,532,1,13
41027,Kensington Public School,Kensington,2033,Primary,Major Cities,-33.9099,151.225,96,Government,School Single Entity,Department of Education NSW,K-6,1120,5,12,27,56,23,26.1,4,3.1,453,225,228,453,1,72
41032,La Perouse Public School,La Perouse,2036,Primary,Major Cities,-33.9795,151.235,,Government,School Single Entity,Department of Education NSW,K-6,853,52,19,22,8,6,8.4,1,2.4,54,22,32,54,65,72
41033,Malabar Public School,Malabar,2036,Primary,Major Cities,-33.9622,151.249,89,Government,School Single Entity,Department of Education NSW,K-6,1077,10,19,33,38,13,16.1,3,2.8,298,152,146,298,5,26
41034,Maroubra Bay Public School,Maroubra,2035,Primary,Major Cities,-33.9442,151.253,87,Government,School Single Entity,Department of Education NSW,K-6,1075,11,19,31,39,19,21.5,3,2.9,371,171,200,371,6,41
41035,Mascot Public School,Mascot,2020,Primary,Major Cities,-33.9286,151.192,80,Government,School Single Entity,Department of Education NSW,P-6,1028,22,27,31,20,22,24.5,7,5.2,367,170,197,367,4,73
41036,Matraville Public School,Matraville,2036,Primary,Major Cities,-33.9551,151.229,85,Government,School Single Entity,Department of Education NSW,K-6,1012,32,24,28,16,13,14.4,4,2.4,229,100,129,229,2,80
41040,Newtown North Public School,Newtown,2042,Primary,Major Cities,-33.8918,151.185,95,Government,School Single Entity,Department of Education NSW,K-6,1142,1,9,25,65,11,13.7,3,2.5,258,126,132,258,1,29
41041,Nicholson Street Public School,Balmain East,2041,Primary,Major Cities,-33.8561,151.193,89,Government,School Single Entity,Department of Education NSW,K-6,1136,2,8,29,61,7,9.7,3,2,168,79,89,168,0,17
41043,Orange Grove Public School,Leichhardt,2040,Primary,Major Cities,-33.8724,151.158,94,Government,School Single Entity,Department of Education NSW,P-6,1130,4,9,26,61,24,28.5,6,5,496,243,253,496,4,22
41046,Rainbow Street Public School,Randwick,2031,Primary,Major Cities,-33.9246,151.237,98,Government,School Single Entity,Department of Education NSW,"U, K-6",1124,4,12,27,57,25,26.3,7,7.2,390,180,210,390,2,56
41048,Rose Bay Public School,Rose Bay,2029,Primary,Major Cities,-33.873,151.271,95,Government,School Single Entity,Department of Education NSW,K-6,1141,1,8,26,64,33,33.8,4,4.1,587,300,287,587,0,58
41049,St Peters Public School,St Peters,2044,Primary,Major Cities,-33.913,151.177,97,Government,School Single Entity,Department of Education NSW,K-6,1107,7,11,27,54,8,9,2,1.7,124,57,67,124,8,33
41055,Ultimo Public School,Ultimo,2007,Primary,Major Cities,-33.8768,151.197,92,Government,School Single Entity,Department of Education NSW,K-6,1075,12,18,29,41,16,19.9,5,2.8,314,164,150,314,5,69
41057,Vaucluse Public School,Vaucluse,2030,Primary,Major Cities,-33.8505,151.281,92,Government,School Single Entity,Department of Education NSW,"U, K-6",1134,2,9,27,62,20,22.2,4,5.9,363,172,191,363,0,37
41062,South Coogee Public School,South Coogee,2034,Primary,Major Cities,-33.9333,151.254,89,Government,School Single Entity,Department of Education NSW,K-6,1096,8,15,29,48,25,30.9,6,4.1,548,290,258,548,4,35
41071,Dobroyd Point Public School,Haberfield,2045,Primary,Major Cities,-33.8744,151.141,95,Government,School Single Entity,Department of Education NSW,K-6,1151,2,11,21,67,14,13.3,3,2.4,227,110,117,227,1,32
41074,Pagewood Public School,Botany,2019,Primary,Major Cities,-33.9422,151.214,97,Government,School Single Entity,Department of Education NSW,K-6,1099,7,17,33,42,14,16.9,4,2.8,313,154,159,313,1,49
41076,Crown Street Public School,Surry Hills,2010,Primary,Major Cities,-33.8823,151.215,93,Government,School Single Entity,Department of Education NSW,K-6,1108,6,15,30,49,17,18.2,1,2.5,292,146,146,292,2,54
41077,Tempe Public School,Tempe,2044,Primary,Major Cities,-33.9209,151.161,87,Government,School Single Entity,Department of Education NSW,K-6,1086,9,15,33,43,24,24.5,5,2.8,322,166,156,322,5,38
41132,Bondi Public School,Bondi,2026,Primary,Major Cities,-33.8926,151.265,97,Government,School Single Entity,Department of Education NSW,K-6,1147,2,10,23,65,26,31.3,5,4.1,596,294,302,596,0,26
41080,Waverley Public School,Waverley,2024,Primary,Major Cities,-33.8982,151.252,96,Government,School Single Entity,Department of Education NSW,K-6,1136,3,10,26,61,15,19.8,5,2.8,330,158,172,330,1,35
41087,Matraville Soldiers Settlement Public School,Matraville,2036,Primary,Major Cities,-33.958,151.24,74,Government,School Single Entity,Department of Education NSW,P-6,950,41,25,21,12,11,15.1,5,4.6,242,128,114,242,24,38
41093,Erskineville Public School,Erskineville,2043,Primary,Major Cities,-33.9009,151.186,93,Government,School Single Entity,Department of Education NSW,K-6,1137,2,9,27,62,17,21.7,4,2.9,401,200,201,401,1,49
41200,Boronia Park Public School,Hunters Hill,2110,Primary,Major Cities,-33.8214,151.136,95,Government,School Single Entity,Department of Education NSW,K-6,1141,2,8,29,62,26,27.7,5,4,541,275,266,541,1,28
41096,Randwick Public School,Randwick,2031,Primary,Major Cities,-33.9106,151.242,99,Government,School Single Entity,Department of Education NSW,K-6,1159,1,7,22,70,46,48.9,8,5.9,958,484,474,958,1,41
41133,Bourke Street Public School,Surry Hills,2010,Primary,Major Cities,-33.8905,151.216,95,Government,School Single Entity,Department of Education NSW,K-6,1124,5,9,28,58,20,25.2,6,3.1,436,209,227,436,3,33
41100,Chifley Public School,Malabar,2036,Primary,Major Cities,-33.966,151.242,73,Government,School Single Entity,Department of Education NSW,K-6,932,37,26,25,12,11,11.3,5,2,166,86,80,166,40,19
41102,Lewisham Public School,Lewisham,2049,Primary,Major Cities,-33.8977,151.146,86,Government,School Single Entity,Department of Education NSW,K-6,1098,10,13,27,49,11,12.6,4,2.4,217,125,92,217,1,39
41107,Petersham Public School,Petersham,2049,Primary,Major Cities,-33.8956,151.15,98,Government,School Single Entity,Department of Education NSW,K-6,1150,2,10,23,65,14,15.8,3,2.5,267,117,150,267,1,30
41109,Eastlakes Public School,Eastlakes,2018,Primary,Major Cities,-33.9281,151.214,78,Government,School Single Entity,Department of Education NSW,"U, K-6",1034,21,26,33,21,15,13.6,3,3,197,96,101,197,3,93
41112,Plunkett Street Public School,Woolloomooloo,2011,Primary,Major Cities,-33.8709,151.22,,Government,School Single Entity,Department of Education NSW,P-6,952,35,31,21,13,2,5.1,3,3.2,60,28,32,60,32,53
41114,Sydney Distance Education Primary School,Surry Hills,2010,Primary,Major Cities,-33.8863,151.213,100,Government,School Single Entity,Department of Education NSW,K-6,1128,4,13,26,57,12,16.4,6,4.9,177,80,97,177,2,27
41201,Brooklyn Public School,Brooklyn,2083,Primary,Inner Regional,-33.5484,151.215,90,Government,School Single Entity,Department of Education NSW,K-6,1083,10,26,27,36,4,4.9,3,1.5,75,35,40,75,0,28
41202,Brookvale Public School,Brookvale,2100,Primary,Major Cities,-33.7617,151.271,87,Government,School Single Entity,Department of Education NSW,K-6,1052,15,28,30,26,16,19.4,3,2.9,341,176,165,341,1,47
41136,Daceyville Public School,Daceyville,2032,Primary,Major Cities,-33.9295,151.228,80,Government,School Single Entity,Department of Education NSW,K-6,1032,22,20,30,28,18,20.7,5,2.6,269,140,129,269,8,62
41137,Darlinghurst Public School,Potts Point,2011,Primary,Major Cities,-33.8786,151.223,94,Government,School Single Entity,Department of Education NSW,K-6,1154,1,6,26,67,16,17.6,2,2.8,322,167,155,322,1,38
41138,Gardeners Road Public School,Rosebery,2018,Primary,Major Cities,-33.9206,151.198,86,Government,School Single Entity,Department of Education NSW,"U, K-6",1038,19,25,34,23,21,25.3,9,7.8,358,184,174,358,4,75
41139,Glebe Public School,Glebe,2037,Primary,Major Cities,-33.8837,151.191,79,Government,School Single Entity,Department of Education NSW,K-6,1017,26,18,23,32,16,17.5,6,3.8,309,150,159,309,17,44
41140,Leichhardt Public School,Leichhardt,2040,Primary,Major Cities,-33.8843,151.158,93,Government,School Single Entity,Department of Education NSW,"U, K-6",1127,4,10,25,61,36,42.2,7,7.7,736,371,365,736,3,30
41141,Maroubra Junction Public School,Maroubra,2035,Primary,Major Cities,-33.9361,151.237,92,Government,School Single Entity,Department of Education NSW,K-6,1113,5,14,31,51,34,34.2,5,4.1,619,295,324,619,0,58
41142,Newtown Public School,Newtown,2042,Primary,Major Cities,-33.9,151.179,91,Government,School Single Entity,Department of Education NSW,K-6,1133,3,10,25,62,17,21,3,3.1,417,205,212,417,2,23
41143,Paddington Public School,Paddington,2021,Primary,Major Cities,-33.8876,151.23,92,Government,School Single Entity,Department of Education NSW,K-6,1138,2,8,27,64,14,16.6,3,2.5,291,146,145,291,1,39
41144,Rozelle Public School,Rozelle,2039,Primary,Major Cities,-33.8626,151.17,93,Government,School Single Entity,Department of Education NSW,P-6,1153,1,6,23,70,31,35.8,5,5.3,632,307,325,632,1,19
41145,Stanmore Public School,Stanmore,2048,Primary,Major Cities,-33.8955,151.165,90,Government,School Single Entity,Department of Education NSW,K-6,1117,4,13,29,54,33,33.7,5,4.1,636,313,323,636,1,28
41146,Woollahra Public School,Woollahra,2025,Primary,Major Cities,-33.8864,151.241,100,Government,School Single Entity,Department of Education NSW,K-6,1177,1,4,18,77,36,40.4,5,4.7,767,363,404,767,0,44
41203,Cammeray Public School,Cammeray,2062,Primary,Major Cities,-33.8204,151.212,100,Government,School Single Entity,Department of Education NSW,K-6,1183,1,4,16,79,44,45.3,7,5.2,888,454,434,888,1,27
41802,Carlingford Public School,Carlingford,2118,Primary,Major Cities,-33.7801,151.055,97,Government,School Single Entity,Department of Education NSW,K-6,1111,5,12,31,52,40,43.6,4,4.7,784,383,401,784,1,87
41730,Carlingford West Public School,Carlingford,2118,Primary,Major Cities,-33.7821,151.038,100,Government,School Single Entity,Department of Education NSW,K-6,1136,3,8,27,62,71,84.1,6,7.7,1528,730,798,1528,0,95
41197,Seaforth Public School,Seaforth,2092,Primary,Major Cities,-33.7933,151.251,92,Government,School Single Entity,Department of Education NSW,K-6,1148,2,6,24,69,26,26.5,5,4.4,520,248,272,520,1,18
41205,Cowan Public School,Cowan,2081,Primary,Inner Regional,-33.5888,151.169,74,Government,School Single Entity,Department of Education NSW,K-6,1027,18,27,40,14,3,2.6,2,1.1,43,18,25,43,5,23
41206,Dee Why Public School,Dee Why,2099,Primary,Major Cities,-33.749,151.285,83,Government,School Single Entity,Department of Education NSW,"U, K-6",1014,29,28,26,17,28,32.8,7,5.5,490,221,269,490,1,65
41208,Epping Public School,Epping,2121,Primary,Major Cities,-33.7707,151.088,100,Government,School Single Entity,Department of Education NSW,K-6,1155,1,6,23,69,27,39.5,2,4.1,631,319,312,631,0,93
41209,Epping West Public School,Epping,2121,Primary,Major Cities,-33.7728,151.068,100,Government,School Single Entity,Department of Education NSW,"U, K-6",1150,1,7,25,67,67,71,10,10.1,1290,621,669,1290,0,93
41262,Castle Cove Public School,Castle Cove,2069,Primary,Major Cities,-33.7834,151.202,97,Government,School Single Entity,Department of Education NSW,K-6,1165,0,5,21,74,24,24,4,3.6,442,218,224,442,1,35
41210,Ermington Public School,West Ryde,2114,Primary,Major Cities,-33.8048,151.07,99,Government,School Single Entity,Department of Education NSW,K-6,1117,6,13,29,52,21,21.7,4,3.4,402,181,221,402,1,66
41211,Frenchs Forest Public School,Frenchs Forest,2086,Primary,Major Cities,-33.7515,151.225,97,Government,School Single Entity,Department of Education NSW,K-6,1125,5,13,28,54,12,13.4,3,2.7,261,133,128,261,0,25
41213,Gladesville Public School,Gladesville,2111,Primary,Major Cities,-33.833,151.126,96,Government,School Single Entity,Department of Education NSW,K-6,1122,4,12,27,56,26,28.3,4,4,537,258,279,537,1,46
41216,Greenwich Public School,Greenwich,2065,Primary,Major Cities,-33.8259,151.183,99,Government,School Single Entity,Department of Education NSW,"U, K-6",1171,1,4,19,76,26,29.2,7,7.1,487,248,239,487,1,29
41217,Harbord Public School,Freshwater,2096,Primary,Major Cities,-33.7727,151.286,96,Government,School Single Entity,Department of Education NSW,K-6,1130,3,10,29,58,49,56,9,6.5,1109,550,559,1109,0,21
41219,Hunters Hill Public School,Hunters Hill,2110,Primary,Major Cities,-33.8351,151.151,97,Government,School Single Entity,Department of Education NSW,K-6,1162,1,7,20,72,18,19.3,2,2.8,369,175,194,369,1,36
41221,Lane Cove Public School,Lane Cove,2066,Primary,Major Cities,-33.8165,151.169,98,Government,School Single Entity,Department of Education NSW,K-6,1160,1,6,22,70,45,45.5,4,5.2,867,437,430,867,0,45
41222,Lindfield Public School,Lindfield,2070,Primary,Major Cities,-33.7808,151.169,99,Government,School Single Entity,Department of Education NSW,K-6,1175,1,4,18,77,40,44.3,4,4.9,822,400,422,822,0,53
41223,Lindfield East Public School,East Lindfield,2070,Primary,Major Cities,-33.7675,151.184,99,Government,School Single Entity,Department of Education NSW,K-6,1175,1,4,17,78,37,35.7,4,4.3,674,310,364,674,0,58
41224,Manly West Public School,Balgowlah,2093,Primary,Major Cities,-33.7919,151.269,96,Government,School Single Entity,Department of Education NSW,K-6,1146,2,8,26,64,40,45.4,7,5.2,871,429,442,871,1,22
41226,Middle Harbour Public School,Mosman,2088,Primary,Major Cities,-33.8228,151.233,94,Government,School Single Entity,Department of Education NSW,K-6,1154,1,6,22,71,31,33.8,4,4.1,609,308,301,609,0,30
41227,Mona Vale Public School,Mona Vale,2103,Primary,Major Cities,-33.677,151.3,96,Government,School Single Entity,Department of Education NSW,"U, K-6",1097,5,19,35,42,49,57.6,10,9.5,1131,517,614,1131,1,21
41228,Narrabeen Lakes Public School,Narrabeen,2101,Primary,Major Cities,-33.7203,151.297,84,Government,School Single Entity,Department of Education NSW,K-6,1052,13,28,35,24,22,21.8,7,3.2,418,191,227,418,2,31
41229,Neutral Bay Public School,Neutral Bay,2089,Primary,Major Cities,-33.8326,151.22,99,Government,School Single Entity,Department of Education NSW,K-6,1172,1,4,19,76,44,47.6,5,5.9,959,471,488,959,0,42
41230,Newport Public School,Newport,2106,Primary,Major Cities,-33.6606,151.312,91,Government,School Single Entity,Department of Education NSW,K-6,1090,5,22,36,37,35,39.4,5,4.9,775,394,381,775,0,12
41231,Normanhurst Public School,Normanhurst,2076,Primary,Major Cities,-33.7226,151.097,96,Government,School Single Entity,Department of Education NSW,K-6,1138,2,9,26,63,18,21.4,4,3.2,417,198,219,417,0,45
41232,Northbridge Public School,Northbridge,2063,Primary,Major Cities,-33.813,151.219,98,Government,School Single Entity,Department of Education NSW,K-6,1173,0,4,19,76,24,26.7,3,4,519,274,245,519,0,27
41316,Chatswood Public School,Chatswood,2067,Primary,Major Cities,-33.7982,151.178,99,Government,School Single Entity,Department of Education NSW,"U, K-6",1154,1,6,23,69,70,79.6,8,8.4,1315,629,686,1315,0,88
41234,North Sydney Public School,Waverton,2060,Primary,Major Cities,-33.8348,151.204,97,Government,School Single Entity,Department of Education NSW,K-6,1148,2,6,22,70,44,46.8,6,5.2,887,456,431,887,0,49
41235,Pennant Hills Public School,Pennant Hills,2120,Primary,Major Cities,-33.7358,151.068,97,Government,School Single Entity,Department of Education NSW,K-6,1140,3,8,26,63,27,29.8,4,4.5,565,282,283,565,1,51
41301,Cherrybrook Public School,Cherrybrook,2126,Primary,Major Cities,-33.7313,151.042,99,Government,School Single Entity,Department of Education NSW,K-6,1151,1,7,24,68,43,48.1,5,5.2,903,420,483,903,0,66
41236,West Pennant Hills Public School,West Pennant Hills,2125,Primary,Major Cities,-33.7461,151.05,93,Government,School Single Entity,Department of Education NSW,K-6,1122,3,12,31,55,32,35.2,5,4.1,638,291,347,638,0,34
41237,Putney Public School,Ryde,2112,Primary,Major Cities,-33.8246,151.111,94,Government,School Single Entity,Department of Education NSW,K-6,1114,5,12,31,52,22,25.2,5,3.5,484,236,248,484,1,48
41238,Roseville Public School,Roseville,2069,Primary,Major Cities,-33.7819,151.189,99,Government,School Single Entity,Department of Education NSW,K-6,1182,1,4,15,80,28,35.2,5,4.1,638,318,320,638,0,43
41239,Ryde Public School,Ryde,2112,Primary,Major Cities,-33.8126,151.108,94,Government,School Single Entity,Department of Education NSW,"U, K-6",1091,7,16,35,41,37,41,7,8.1,602,276,326,602,1,82
41240,North Ryde Public School,North Ryde,2113,Primary,Major Cities,-33.7948,151.12,97,Government,School Single Entity,Department of Education NSW,K-6,1132,4,9,28,59,22,22.2,3,3.1,420,211,209,420,0,64
41241,West Ryde Public School,West Ryde,2114,Primary,Major Cities,-33.8084,151.085,98,Government,School Single Entity,Department of Education NSW,K-6,1127,3,9,29,59,37,40.2,4,4.3,691,329,362,691,0,84
41242,Terrey Hills Public School,Terrey Hills,2084,Primary,Major Cities,-33.6857,151.223,93,Government,School Single Entity,Department of Education NSW,K-6,1099,5,20,31,43,13,14.5,3,2.4,236,107,129,236,1,14
41243,Turramurra North Public School,North Turramurra,2074,Primary,Major Cities,-33.7147,151.148,96,Government,School Single Entity,Department of Education NSW,K-6,1155,1,6,25,68,11,14.7,3,2.5,258,129,129,258,0,20
41244,Waitara Public School,Wahroonga,2076,Primary,Major Cities,-33.7079,151.112,99,Government,School Single Entity,Department of Education NSW,K-6,1157,1,5,23,71,46,53,7,5.9,978,522,456,978,0,90
41245,Warrawee Public School,Turramurra,2074,Primary,Major Cities,-33.7295,151.121,99,Government,School Single Entity,Department of Education NSW,"U, K-6",1170,1,4,20,75,32,38.2,7,7.5,687,318,369,687,0,49
41246,Willoughby Public School,Willoughby,2068,Primary,Major Cities,-33.8022,151.2,97,Government,School Single Entity,Department of Education NSW,"U, K-6",1150,3,7,21,69,47,55.2,7,7.1,1047,539,508,1047,0,36
41250,Pymble Public School,Pymble,2073,Primary,Major Cities,-33.7323,151.141,100,Government,School Single Entity,Department of Education NSW,K-6,1187,1,3,15,82,29,33.9,4,4.1,643,325,318,643,0,49
41252,Narraweena Public School,Narraweena,2099,Primary,Major Cities,-33.7494,151.274,90,Government,School Single Entity,Department of Education NSW,K-6,1062,13,26,33,28,23,26.4,4,4,506,258,248,506,2,33
41253,Wahroonga Public School,Wahroonga,2076,Primary,Major Cities,-33.7156,151.128,98,Government,School Single Entity,Department of Education NSW,"U, K-6",1158,0,5,23,71,36,36.9,5,5.3,696,330,366,696,0,41
41254,Melrose Park Public School,West Ryde,2114,Primary,Major Cities,-33.8148,151.072,85,Government,School Single Entity,Department of Education NSW,K-6,1079,8,25,33,34,10,12.4,3,2.4,208,119,89,208,0,40
41255,Turramurra Public School,Turramurra,2074,Primary,Major Cities,-33.7453,151.114,98,Government,School Single Entity,Department of Education NSW,K-6,1174,1,5,18,77,28,31.3,5,4.1,570,274,296,570,0,32
41256,Denistone East Public School,Eastwood,2122,Primary,Major Cities,-33.7943,151.097,99,Government,School Single Entity,Department of Education NSW,"U, K-6",1141,2,8,28,62,41,53.3,4,8.1,777,369,408,777,0,80
41257,Meadowbank Public School,Ryde,2112,Primary,Major Cities,-33.8171,151.098,95,Government,School Single Entity,Department of Education NSW,K-6,1119,4,12,31,54,20,26.1,3,3.3,486,236,250,486,0,78
41258,Mount Colah Public School,Mount Colah,2079,Primary,Major Cities,-33.6729,151.116,92,Government,School Single Entity,Department of Education NSW,K-6,1090,6,19,36,38,20,23.1,4,3.5,467,229,238,467,1,20
41259,Narrabeen North Public School,North Narrabeen,2101,Primary,Major Cities,-33.6999,151.298,91,Government,School Single Entity,Department of Education NSW,K-6,1072,9,26,34,31,33,38,5,4.5,725,329,396,725,2,16
41260,Lane Cove West Public School,Lane Cove,2066,Primary,Major Cities,-33.8099,151.152,97,Government,School Single Entity,Department of Education NSW,K-6,1163,1,6,21,72,27,32.2,5,4.1,613,284,329,613,0,33
41261,Killara Public School,Killara,2071,Primary,Major Cities,-33.7659,151.148,98,Government,School Single Entity,Department of Education NSW,K-6,1156,1,5,22,71,19,22.6,3,3.3,432,206,226,432,0,64
41263,Curl Curl North Public School,North Curl Curl,2099,Primary,Major Cities,-33.7646,151.289,96,Government,School Single Entity,Department of Education NSW,K-6,1104,5,18,32,45,39,41.9,7,4.9,833,396,437,833,0,26
41264,Gordon West Public School,Pymble,2073,Primary,Major Cities,-33.7603,151.139,99,Government,School Single Entity,Department of Education NSW,K-6,1160,1,5,21,72,28,32.3,5,4.1,582,290,292,582,1,57
41265,Manly Village Public School,Manly,2095,Primary,Major Cities,-33.7994,151.287,95,Government,School Single Entity,Department of Education NSW,K-6,1144,2,7,24,68,34,35.8,5,4.5,704,344,360,704,0,35
41267,Collaroy Plateau Public School,Collaroy Plateau,2097,Primary,Major Cities,-33.733,151.293,96,Government,School Single Entity,Department of Education NSW,K-6,1108,4,16,34,46,28,31.2,5,4.1,619,317,302,619,0,20
41270,Gordon East Public School,Gordon,2072,Primary,Major Cities,-33.7459,151.157,97,Government,School Single Entity,Department of Education NSW,K-6,1168,1,3,20,76,14,16.3,3,2.8,314,137,177,314,0,43
41271,Mowbray Public School,Lane Cove,2066,Primary,Major Cities,-33.8039,151.156,98,Government,School Single Entity,Department of Education NSW,K-6,1159,2,5,22,70,34,36.8,4,4.1,636,320,316,636,0,55
41272,Forestville Public School,Forestville,2087,Primary,Major Cities,-33.7616,151.213,95,Government,School Single Entity,Department of Education NSW,"U, K-6",1120,3,13,31,54,35,37,7,7.3,681,310,371,681,0,23
41273,Manly Vale Public School,Manly Vale,2093,Primary,Major Cities,-33.7835,151.26,95,Government,School Single Entity,Department of Education NSW,K-6,1118,4,12,30,54,24,28.5,6,4,521,254,267,521,1,27
41274,Epping Heights Public School,Epping,2121,Primary,Major Cities,-33.7627,151.074,98,Government,School Single Entity,Department of Education NSW,K-6,1155,1,6,23,70,25,28.5,3,4,551,270,281,551,0,77
41275,Eastwood Heights Public School,Eastwood,2122,Primary,Major Cities,-33.7819,151.095,98,Government,School Single Entity,Department of Education NSW,K-6,1139,3,7,25,64,27,29.4,6,4,523,250,273,523,1,69
41276,Mount Kuring-gai Public School,Mount Kuring-Gai,2080,Primary,Major Cities,-33.6575,151.136,89,Government,School Single Entity,Department of Education NSW,K-6,1076,10,23,32,35,7,10.8,4,2,180,95,85,180,1,23
41277,Kent Road Public School,Eastwood,2122,Primary,Major Cities,-33.7874,151.109,98,Government,School Single Entity,Department of Education NSW,K-6,1140,3,7,25,64,41,44.7,4,4.9,790,403,387,790,1,77
41278,Truscott Street Public School,North Ryde,2113,Primary,Major Cities,-33.7941,151.131,92,Government,School Single Entity,Department of Education NSW,"U, K-6",1124,5,11,28,57,20,21.6,11,6.7,324,165,159,324,0,55
41279,Epping North Public School,North Epping,2121,Primary,Major Cities,-33.7576,151.095,98,Government,School Single Entity,Department of Education NSW,K-6,1157,2,7,23,69,22,24.6,5,3.5,477,233,244,477,1,41
41280,Elanora Heights Public School,Elanora Heights,2101,Primary,Major Cities,-33.7037,151.285,88,Government,School Single Entity,Department of Education NSW,K-6,1084,7,23,33,37,29,28.8,4,4.1,573,266,307,573,1,12
41282,Cromer Public School,Cromer,2099,Primary,Major Cities,-33.738,151.275,94,Government,School Single Entity,Department of Education NSW,"U, K-6",1091,6,20,35,40,34,40.8,5,5.1,639,298,341,639,2,16
41283,Wheeler Heights Public School,Collaroy Plateau,2097,Primary,Major Cities,-33.7278,151.285,92,Government,School Single Entity,Department of Education NSW,K-6,1085,5,21,37,37,24,24.4,4,3.6,478,231,247,478,3,13
41284,Ryde East Public School,North Ryde,2113,Primary,Major Cities,-33.8071,151.126,95,Government,School Single Entity,Department of Education NSW,K-6,1116,5,13,28,55,34,37.5,4,4.1,552,260,292,552,1,43
41285,Hornsby Heights Public School,Hornsby,2077,Primary,Major Cities,-33.6698,151.097,92,Government,School Single Entity,Department of Education NSW,K-6,1095,5,19,34,41,21,23.9,3,3.4,459,222,237,459,1,23
41286,Normanhurst West Public School,Thornleigh,2120,Primary,Major Cities,-33.7189,151.087,97,Government,School Single Entity,Department of Education NSW,K-6,1135,3,10,25,62,24,29.7,5,4.5,519,243,276,519,0,35
41287,Thornleigh West Public School,Thornleigh,2120,Primary,Major Cities,-33.7239,151.072,92,Government,School Single Entity,Department of Education NSW,"U, K-6",1128,3,10,29,58,32,36.1,6,7.1,618,287,331,618,0,31
41288,West Pymble Public School,West Pymble,2073,Primary,Major Cities,-33.7639,151.124,93,Government,School Single Entity,Department of Education NSW,K-6,1140,1,8,26,64,17,18.3,5,2.9,348,158,190,348,0,32
41289,St Ives North Public School,St Ives,2075,Primary,Major Cities,-33.7187,151.164,100,Government,School Single Entity,Department of Education NSW,K-6,1191,0,3,15,83,46,50.1,6,5.9,929,471,458,929,0,65
41290,Roselea Public School,Carlingford,2118,Primary,Major Cities,-33.7654,151.053,95,Government,School Single Entity,Department of Education NSW,"U, K-6",1114,6,12,29,54,22,22.8,6,4.3,344,174,170,344,2,61
41291,St Ives Public School,St Ives,2075,Primary,Major Cities,-33.7386,151.167,98,Government,School Single Entity,Department of Education NSW,K-6,1156,1,6,23,70,21,28.6,4,4,522,281,241,522,0,45
41293,Hornsby North Public School,Hornsby,2077,Primary,Major Cities,-33.6826,151.099,100,Government,School Single Entity,Department of Education NSW,K-6,1158,2,7,20,70,44,50.5,9,5.9,949,472,477,949,0,70
41294,Wakehurst Public School,Belrose,2085,Primary,Major Cities,-33.7394,151.218,95,Government,School Single Entity,Department of Education NSW,K-6,1116,4,14,33,50,18,18.3,4,2.9,360,165,195,360,0,17
41296,Killarney Heights Public School,Killarney Heights,2087,Primary,Major Cities,-33.7749,151.216,96,Government,School Single Entity,Department of Education NSW,K-6,1151,1,6,24,69,38,38.2,4,4.3,678,341,337,678,0,61
41297,St Ives Park Public School,St Ives,2075,Primary,Major Cities,-33.7241,151.179,91,Government,School Single Entity,Department of Education NSW,K-6,1128,2,9,30,59,9,9.8,2,2,176,89,87,176,1,45
41298,Murray Farm Public School,Carlingford,2118,Primary,Major Cities,-33.7661,151.04,100,Government,School Single Entity,Department of Education NSW,K-6,1153,2,7,23,67,49,58.7,7,5.9,988,473,515,988,0,87
41299,Mimosa Public School,Frenchs Forest,2086,Primary,Major Cities,-33.7433,151.206,93,Government,School Single Entity,Department of Education NSW,K-6,1109,2,15,35,48,23,27.5,4,4,534,286,248,534,1,17
41300,Wideview Public School,Berowra Heights,2082,Primary,Major Cities,-33.6085,151.142,91,Government,School Single Entity,Department of Education NSW,K-6,1090,6,21,35,39,20,20.6,2,3.1,403,203,200,403,1,15
41302,Kambora Public School,Davidson,2085,Primary,Major Cities,-33.7401,151.195,98,Government,School Single Entity,Department of Education NSW,K-6,1131,3,12,30,55,12,12.2,3,2.4,223,87,136,223,0,19
41303,John Purchase Public School,Cherrybrook,2126,Primary,Major Cities,-33.7142,151.045,98,Government,School Single Entity,Department of Education NSW,K-6,1151,2,7,24,68,28,33.5,4,4.1,644,303,341,644,0,74
41306,Hornsby South Public School,Hornsby,2077,Primary,Major Cities,-33.7135,151.095,98,Government,School Single Entity,Department of Education NSW,K-6,1115,3,11,34,52,34,36.7,8,4.3,658,329,329,658,1,77
43254,Corpus Christi Catholic Primary School,St Ives,2075,Primary,Major Cities,-33.7283,151.166,92,Catholic,School Single Entity,Catholic Schools NSW,K-6,1146,1,7,24,68,15,10.6,3,1.6,166,83,83,166,0,29
41317,Eastwood Public School,Eastwood,2122,Primary,Major Cities,-33.7927,151.078,100,Government,School Single Entity,Department of Education NSW,K-6,1132,3,8,30,59,48,52,7,5.9,907,440,467,907,0,95
41318,Mosman Public School,Mosman,2088,Primary,Major Cities,-33.8281,151.241,96,Government,School Single Entity,Department of Education NSW,K-6,1151,1,6,24,68,33,36.4,5,4.3,668,325,343,668,0,37
41690,Dundas Public School,Dundas,2117,Primary,Major Cities,-33.8044,151.036,92,Government,School Single Entity,Department of Education NSW,K-6,1070,11,22,34,33,20,20.4,2,3,379,173,206,379,2,70
41700,Ermington West Public School,Ermington,2115,Primary,Major Cities,-33.8059,151.058,81,Government,School Single Entity,Department of Education NSW,K-6,1014,26,26,28,20,16,18,5,2,179,97,82,179,6,66
43374,Galilee Catholic Primary School,Bondi Beach,2026,Primary,Major Cities,-33.8852,151.27522,96,Catholic,School Single Entity,Catholic Schools NSW,K-6,1119,2,11,35,52,12,9,6,2.5,125,63,62,125,0,8
41522,Newington Public School,Newington,2127,Primary,Major Cities,-33.8411,151.055,95,Government,School Single Entity,Department of Education NSW,K-6,1115,4,13,32,51,43,45.6,6,5.2,872,415,457,872,0,80
43375,Holy Cross Catholic Primary School,Woollahra,2022,Primary,Major Cities,-33.8899,151.252,100,Catholic,School Single Entity,Catholic Schools NSW,K-6,1164,2,5,22,71,17,15.8,6,2.9,258,134,124,258,0,37
43245,Holy Family Catholic Primary School,Lindfield,2070,Primary,Major Cities,-33.7735,151.166,100,Catholic,School Single Entity,Catholic Schools NSW,K-6,1195,0,3,14,83,18,13.1,6,3.4,219,112,107,219,0,32
41668,Rydalmere Public School,Rydalmere,2116,Primary,Major Cities,-33.8143,151.045,85,Government,School Single Entity,Department of Education NSW,P-6,1017,28,25,26,20,12,16.5,2,3.2,145,60,85,145,4,65
43439,Holy Spirit Catholic Primary School,North Ryde,2113,Primary,Major Cities,-33.7946,151.123,95,Catholic,School Single Entity,Catholic Schools NSW,K-6,1114,3,16,31,49,31,25,8,4.2,452,230,222,452,1,48
41696,Oatlands Public School,Oatlands,2117,Primary,Major Cities,-33.8,151.023,92,Government,School Single Entity,Department of Education NSW,K-6,1075,13,19,32,37,16,15.9,4,3.2,217,97,120,217,1,60
41697,Telopea Public School,Telopea,2117,Primary,Major Cities,-33.797,151.044,80,Government,School Single Entity,Department of Education NSW,K-6,1011,31,29,24,16,7,6,4,1.6,80,36,44,80,1,62
41699,Rydalmere East Public School,Ermington,2115,Primary,Major Cities,-33.8171,151.058,73,Government,School Single Entity,Department of Education NSW,"U, P-6",1007,27,28,29,16,12,16,8,6.6,200,87,113,200,7,50
41703,Yates Avenue Public School,Dundas Valley,2117,Primary,Major Cities,-33.7956,151.058,76,Government,School Single Entity,Department of Education NSW,"U, P-6",1001,32,26,26,16,12,13.1,6,5.7,128,47,81,128,6,59
43231,Maria Regina Catholic Primary School,Avalon Beach,2107,Primary,Major Cities,-33.6335,151.331,90,Catholic,School Single Entity,Catholic Schools NSW,K-6,1102,4,17,33,46,14,9.5,4,2.1,123,63,60,123,0,13
43453,McAuley Catholic Primary School,Rose Bay,2029,Primary,Major Cities,-33.8706,151.272,100,Catholic,School Single Entity,Catholic Schools NSW,K-6,1212,0,4,17,79,13,9,8,3,110,61,49,110,0,30
43239,Our Lady Help of Christians Catholic Primary School,Epping,2121,Primary,Major Cities,-33.7708,151.083,99,Catholic,School Single Entity,Catholic Schools NSW,K-6,1164,1,6,22,71,14,9.6,2,1.6,114,58,56,114,0,67
43235,Our Lady of Dolours Catholic Primary School,Chatswood,2067,Primary,Major Cities,-33.7946,151.184,99,Catholic,School Single Entity,Catholic Schools NSW,K-6,1150,2,7,25,65,24,17.6,3,2.2,314,153,161,314,0,74
43240,Our Lady of Good Counsel Catholic Primary School,Forestville,2087,Primary,Major Cities,-33.7602,151.221,93,Catholic,School Single Entity,Catholic Schools NSW,K-6,1136,3,8,26,63,29,19.5,6,3.1,385,205,180,385,1,37
43261,Our Lady of Perpetual Succour Catholic Primary School,West Pymble,2073,Primary,Major Cities,-33.761,151.13,97,Catholic,School Single Entity,Catholic Schools NSW,K-6,1185,0,3,17,79,13,8.6,2,1.3,128,63,65,128,1,20
43425,Our Lady of the Annunciation Catholic Primary School,Pagewood,2035,Primary,Major Cities,-33.9467,151.23,90,Catholic,School Single Entity,Catholic Schools NSW,K-6,1083,6,20,39,35,13,10.9,7,3.7,190,105,85,190,2,44
43260,Our Lady of the Rosary Catholic Primary School,Waitara,2077,Primary,Major Cities,-33.7137,151.104,97,Catholic,School Single Entity,Catholic Schools NSW,K-6,1147,2,9,25,64,20,16.1,4,2.3,272,136,136,272,0,56
43415,Our Lady of the Rosary Catholic Primary School,Kensington,2033,Primary,Major Cities,-33.9122,151.221,99,Catholic,School Single Entity,Catholic Schools NSW,K-6,1152,3,7,23,68,23,19.9,10,5.2,422,214,208,422,1,54
43259,Prouille Catholic Primary School,Wahroonga,2076,Primary,Major Cities,-33.7158,151.122,98,Catholic,School Single Entity,Catholic Schools NSW,K-6,1172,0,5,20,74,17,12.6,3,1.7,203,98,105,203,0,23
43437,Sacred Heart Catholic Primary School,Mosman,2088,Primary,Major Cities,-33.8246,151.236,96,Catholic,School Single Entity,Catholic Schools NSW,K-6,1174,1,3,18,78,29,20.7,12,6.3,394,206,188,394,0,13
43248,Sacred Heart Catholic Primary School,Mona Vale,2103,Primary,Major Cities,-33.67563,151.30115,93,Catholic,School Single Entity,Catholic Schools NSW,K-6,1110,2,14,36,47,24,18.5,6,2.4,357,186,171,357,1,25
43248,Sacred Heart Catholic Primary School,Mona Vale,2103,Primary,Major Cities,-33.67563,151.30115,99,Catholic,School Single Entity,Catholic Schools NSW,K-6,1110,2,14,36,47,24,18.5,6,2.4,357,186,171,357,1,25
43252,St Agatha's Catholic Primary School,Pennant Hills,2120,Primary,Major Cities,-33.7393,151.067,97,Catholic,School Single Entity,Catholic Schools NSW,K-6,1140,3,12,24,61,22,16.8,6,3,292,157,135,292,1,33
43424,St Andrew's Catholic Primary School,Malabar,2036,Primary,Major Cities,-33.9641,151.248,88,Catholic,School Single Entity,Catholic Schools NSW,K-6,1064,8,24,34,34,22,19.6,14,5.8,385,204,181,385,10,19
43429,St Anthony's Catholic Primary School,Marsfield,2122,Primary,Major Cities,-33.781,151.103,97,Catholic,School Single Entity,Catholic Schools NSW,K-6,1131,3,11,27,60,22,17.7,9,3.7,278,142,136,278,0,56
43386,St Anthony's Catholic Primary School,Clovelly,2031,Primary,Major Cities,-33.9105,151.259,98,Catholic,School Single Entity,Catholic Schools NSW,K-6,1137,3,10,27,61,15,10.6,7,3.2,179,86,93,179,2,12
43164,St Bernadette's Primary School,Dundas Valley,2117,Primary,Major Cities,-33.7909,151.051,86,Catholic,School Single Entity,Catholic Schools NSW,K-6,1074,8,28,33,31,16,11.4,7,3.8,179,87,92,179,0,56
43164,St Bernadette's Primary School,Dundas Valley,2117,Primary,Major Cities,-33.7909,151.051,76,Catholic,School Single Entity,Catholic Schools NSW,K-6,1074,8,28,33,31,16,11.4,7,3.8,179,87,92,179,0,56
43233,St Bernard's Catholic Primary School,Berowra Heights,2082,Primary,Major Cities,-33.6142,151.144,94,Catholic,School Single Entity,Catholic Schools NSW,K-6,1120,1,12,34,53,14,10.5,4,2.1,179,94,85,179,0,15
43379,St Bernard's Catholic Primary School,Botany,2019,Primary,Major Cities,-33.9455,151.2,95,Catholic,School Single Entity,Catholic Schools NSW,K-6,1100,4,16,38,42,15,12,7,3.5,204,102,102,204,3,21
43361,St Brendan's Catholic Primary School,Annandale,2038,Primary,Major Cities,-33.8842,151.171,98,Catholic,School Single Entity,Catholic Schools NSW,K-6,1165,1,7,20,72,15,10.7,5,2.7,176,88,88,176,1,21
43389,St Brigid's Catholic Primary School,Coogee,2034,Primary,Major Cities,-33.9199,151.253,96,Catholic,School Single Entity,Catholic Schools NSW,K-6,1153,1,8,27,65,17,11.6,7,2.9,195,94,101,195,0,10
43232,St Cecilia's Catholic Primary School,Balgowlah,2093,Primary,Major Cities,-33.7962,151.258,92,Catholic,School Single Entity,Catholic Schools NSW,K-6,1163,0,5,23,72,20,15.6,5,2.2,281,152,129,281,0,17
43438,St Columba's Catholic Primary School,Leichhardt North,2040,Primary,Major Cities,-33.8797,151.152,98,Catholic,School Single Entity,Catholic Schools NSW,K-6,1158,1,9,24,67,14,9.7,8,3.6,174,94,80,174,2,18
43420,St Fiacre's Catholic Primary School,Leichhardt,2040,Primary,Major Cities,-33.8848,151.162,93,Catholic,School Single Entity,Catholic Schools NSW,K-6,1137,3,7,27,62,11,8.6,5,2.3,131,64,67,131,3,30
43442,St Francis of Assisi Regional Catholic Primary School,Paddington,2021,Primary,Major Cities,-33.8885,151.231,99,Catholic,School Single Entity,Catholic Schools NSW,K-6,1197,1,3,16,80,19,13.5,7,3.7,205,117,88,205,1,19
43234,St Gerard's Catholic Primary School,Carlingford,2118,Primary,Major Cities,-33.7659,151.051,96,Catholic,School Single Entity,Catholic Schools NSW,K-6,1142,3,8,25,65,21,16,4,2.1,288,139,149,288,0,29
43407,St James Catholic Primary School,Glebe,2037,Primary,Major Cities,-33.8795,151.185,97,Catholic,School Single Entity,Catholic Schools NSW,K-6,1123,5,10,26,58,17,10.8,5,2.9,175,88,87,175,4,33
43250,St John the Apostle Catholic Primary School,Narraweena,2099,Primary,Major Cities,-33.7505,151.274,96,Catholic,School Single Entity,Catholic Schools NSW,K-6,1097,5,20,33,43,23,17.5,5,2.3,299,147,152,299,0,29
43242,St John the Baptist Catholic Primary School,Freshwater,2096,Primary,Major Cities,-33.7752,151.284,96,Catholic,School Single Entity,Catholic Schools NSW,K-6,1157,1,8,23,68,19,14.5,7,2.6,246,135,111,246,0,10
43249,St Joseph's Catholic Primary School,Narrabeen,2101,Primary,Major Cities,-33.713,151.3,95,Catholic,School Single Entity,Catholic Schools NSW,K-6,1111,4,16,31,49,16,10.6,4,1.9,148,71,77,148,1,20
43238,St Kevin's Catholic Primary School,Dee Why,2099,Primary,Major Cities,-33.7545,151.29,87,Catholic,School Single Entity,Catholic Schools NSW,K-6,1081,6,20,40,34,16,10,2,1.5,168,83,85,168,0,68
43398,St Kevin's Catholic Primary School,Eastwood,2122,Primary,Major Cities,-33.7895,151.079,93,Catholic,School Single Entity,Catholic Schools NSW,K-6,1120,2,13,31,54,21,20,11,5.1,410,198,212,410,1,50
43247,St Kieran's Catholic Primary School,Manly Vale,2093,Primary,Major Cities,-33.78191,151.267,90,Catholic,School Single Entity,Catholic Schools NSW,K-6,1135,2,8,31,59,22,17.2,4,2.2,296,140,156,296,0,24
43448,St Margaret Mary's Catholic Primary School,Randwick North,2031,Primary,Major Cities,-33.9053,151.245,96,Catholic,School Single Entity,Catholic Schools NSW,K-6,1155,0,5,28,66,15,10.8,5,2.8,174,88,86,174,1,33
43237,St Martin's Catholic Primary School,Davidson,2085,Primary,Major Cities,-33.7419,151.199,94,Catholic,School Single Entity,Catholic Schools NSW,K-6,1113,1,16,36,46,11,8,2,1.4,81,34,47,81,0,30
43246,St Mary's Catholic Primary School,Manly,2095,Primary,Major Cities,-33.795,151.286,92,Catholic,School Single Entity,Catholic Schools NSW,K-6,1154,1,5,23,70,24,15.7,4,2.1,293,160,133,293,0,26
43195,St Mary's Primary School,Rydalmere,2116,Primary,Major Cities,-33.8119,151.041,84,Catholic,School Single Entity,Catholic Schools NSW,K-6,1079,9,21,34,36,23,19.5,9,4.6,358,173,185,358,1,44
43393,St Michael's Catholic Primary School,Daceyville,2032,Primary,Major Cities,-33.9302,151.225,96,Catholic,School Single Entity,Catholic Schools NSW,K-6,1109,6,13,33,49,22,18.3,8,4.2,314,152,162,312.9,2,26
43432,St Michael's Catholic Primary School,Meadowbank,2114,Primary,Major Cities,-33.8123,151.087,97,Catholic,School Single Entity,Catholic Schools NSW,K-6,1119,3,14,31,52,24,19.3,8,4.1,354,174,180,354,1,45
43459,St Michael's Catholic Primary School,Stanmore,2048,Primary,Major Cities,-33.8924,151.165,93,Catholic,School Single Entity,Catholic Schools NSW,K-6,1141,1,8,26,65,13,9.3,5,2.2,132,71,61,132,0,30
43230,St Patrick's Catholic Primary School,Asquith,2077,Primary,Major Cities,-33.6855,151.112,91,Catholic,School Single Entity,Catholic Schools NSW,K-6,1124,3,11,31,56,23,16.8,3,1.6,283,131,152,283,1,42
43251,St Philip Neri Catholic Primary School,Northbridge,2063,Primary,Major Cities,-33.8123,151.214,98,Catholic,School Single Entity,Catholic Schools NSW,K-6,1193,0,2,13,85,15,9.9,3,1.5,147,76,71,147,0,23
43401,St Pius' Catholic Primary School,Enmore,2042,Primary,Major Cities,-33.9074,151.174,87,Catholic,School Single Entity,Catholic Schools NSW,K-6,1102,4,12,32,52,14,10.6,5,2.1,139,72,67,139,6,37
43236,St Rose Catholic Primary School,Collaroy Plateau,2097,Primary,Major Cities,-33.7269,151.286,95,Catholic,School Single Entity,Catholic Schools NSW,K-6,1113,2,13,36,49,15,11.4,4,2.3,205,96,109,205,0,30
43430,St Therese Catholic Primary School,Mascot,2020,Primary,Major Cities,-33.9258,151.201,94,Catholic,School Single Entity,Catholic Schools NSW,K-6,1074,8,22,39,31,35,27.9,17,10.4,609,306,303,609,2,69
43262,St Thomas' Catholic Primary School,Willoughby,2068,Primary,Major Cities,-33.796,151.2,95,Catholic,School Single Entity,Catholic Schools NSW,K-6,1173,0,3,16,80,23,16.7,4,2.7,357,182,175,357,0,18
43413,Villa Maria Catholic Primary School,Hunters Hill,2110,Primary,Major Cities,-33.8301,151.14,97,Catholic,School Single Entity,Catholic Schools NSW,K-6,1174,0,4,19,77,27,19.2,16,5.2,401,211,190,401,1,30
43253,Sacred Heart Catholic Primary School,Pymble,2073,Primary,Major Cities,-33.7402,151.138,90,Catholic,School Single Entity,Catholic Schools NSW,K-6,1184,0,3,15,82,21,14.9,8,3.7,293,157,136,293,0,23
43384,Blessed Sacrament Catholic Primary School,Clifton Gardens,2088,Primary,Major Cities,-33.8351,151.245,,Catholic,School Single Entity,Catholic Schools NSW,K-6,1207,0,1,10,89,14,10.1,6,2.7,140,78,62,140,1,22
43366,Fr John Therry Catholic Primary School Balmain-Rozelle,Balmain,2041,Primary,Major Cities,-33.8589,151.184,,Catholic,School Single Entity,Catholic Schools NSW,K-6,1157,1,6,21,72,25,20.7,9,4.8,354,181,173,354,0,23
43447,Our Lady of the Sacred Heart Catholic Primary School,Randwick,2031,Primary,Major Cities,-33.9157,151.242,,Catholic,School Single Entity,Catholic Schools NSW,K-6,1168,0,5,21,74,29,25,11,5,434,233,201,434,0,16
43406,Our Lady Queen of Peace Catholic Primary School,Gladesville,2111,Primary,Major Cities,-33.8263,151.127,,Catholic,School Single Entity,Catholic Schools NSW,K-6,1126,4,16,26,54,17,10.6,7,2.8,140,64,76,140,0,54
43431,St Agnes' Catholic Primary School,Matraville,2036,Primary,Major Cities,-33.9589,151.232,,Catholic,School Single Entity,Catholic Schools NSW,K-6,1055,11,26,36,28,13,10.4,6,3.1,167,88,79,167,9,49
43427,St Aidan's Catholic Primary School,Maroubra Junction,2035,Primary,Major Cities,-33.9419,151.242,,Catholic,School Single Entity,Catholic Schools NSW,K-6,1112,2,15,31,52,17,12,5,2.1,207,107,100,207,4,43
43454,St Charles Catholic Primary School,Ryde,2112,Primary,Major Cities,-33.8183,151.114,,Catholic,School Single Entity,Catholic Schools NSW,K-6,1113,5,16,29,50,32,25.4,12,5.7,515,264,251,515,0,45
43410,St Joan of Arc Catholic Primary School,Haberfield,2045,Primary,Major Cities,-33.8794,151.14,,Catholic,School Single Entity,Catholic Schools NSW,K-6,1081,9,21,33,37,21,16.1,7,2.9,244,138,106,244,2,64
43394,St Therese's Catholic Primary School,Denistone,2122,Primary,Major Cities,-33.7973,151.094,,Catholic,School Single Entity,Catholic Schools NSW,K-6,1093,7,17,34,42,14,10.9,6,2.9,142,75,67,142,1,49
43395,St Mark's Catholic Primary School,Drummoyne,2047,Primary,Major Cities,-33.8556,151.154,,Catholic,School Single Entity,Catholic Schools NSW,K-6,1143,2,8,27,63,25,18.7,6,3.2,321,166,155,321,0,45
43426,St Mary - St Joseph Catholic Primary School,Maroubra,2035,Primary,Major Cities,-33.9473,151.252,,Catholic,School Single Entity,Catholic Schools NSW,K-6,1109,5,15,28,53,22,19.1,7,3.7,352,178,174,352,4,13
43440,St Mary's Catholic Primary School,North Sydney,2060,Primary,Major Cities,-33.8327,151.208,,Catholic,School Single Entity,Catholic Schools NSW,K-6,1201,0,1,11,87,30,24,10,6.2,438,230,208,438,0,14
43402,St Mary's Catholic Primary School,Erskineville,2043,Primary,Major Cities,-33.9002,151.188,,Catholic,School Single Entity,Catholic Schools NSW,K-6,1151,3,6,21,70,13,10.4,7,3.6,202,109,93,202,4,44
43419,St Michael's Catholic Primary School,Lane Cove,2066,Primary,Major Cities,-33.819,151.17,,Catholic,School Single Entity,Catholic Schools NSW,K-6,1179,0,3,19,78,34,25.7,15,7.7,522,248,274,522,0,15
43464,St Mary's Cathedral College,Sydney,2000,Combined,Major Cities,-33.8713,151.214,93,Catholic,School Single Entity,Catholic Schools NSW,3-Dec,1101,6,16,32,46,59,57.2,16,11.8,781,0,781,781,1,39
43466,Our Lady of Mount Carmel Catholic Primary School,Waterloo,2017,Primary,Major Cities,-33.8989,151.204,75,Catholic,School Single Entity,Catholic Schools NSW,K-6,857,53,23,19,5,14,11.9,8,4.2,81,36,45,81,59,22
43467,St Charles' Primary School,Waverley,2024,Primary,Major Cities,-33.8996,151.253,,Catholic,School Single Entity,Catholic Schools NSW,K-6,1154,1,7,23,69,23,17.7,9,4.2,321,165,156,321,2,13
43656,St Pius X College,Chatswood,2067,Combined,Major Cities,-33.7948,151.183,,Independent,School Single Entity,Catholic Schools NSW,5-Dec,1150,1,7,24,67,89,87.8,41,33.1,1131,0,1131,1131,0,10
43657,Loreto Kirribilli,Kirribilli,2061,Combined,Major Cities,-33.8471,151.216,99,Independent,School Single Entity,Loreto Ministries Ltd,K-12,1187,0,3,14,83,115,103.2,74,60.4,1104,1104,0,1103.8,0,13
43667,Christian Brothers High School Lewisham,Lewisham,2049,Combined,Major Cities,-33.8974,151.146,,Independent,School Single Entity,Catholic Schools NSW,5-Dec,1071,8,25,36,31,103,96.5,33,28.6,1327,0,1327,1326,3,11
43671,St Augustine's College Sydney,Brookvale,2100,Combined,Major Cities,-33.7597,151.272,,Independent,School Single Entity,Catholic Schools NSW,5-Dec,1115,3,12,32,52,123,118.4,57,45.8,1341,0,1341,1339,1,5
43686,Kincoppal - Rose Bay School of the Sacred Heart,Rose Bay,2029,Combined,Major Cities,-33.8634,151.272,98,Independent,School Single Entity,Catholic Schools NSW,K-12,1159,1,6,23,71,106,94.3,53,44.9,911,879,32,911,1,14
43690,Loreto Normanhurst,Normanhurst,2076,Combined,Major Cities,-33.721,151.101,,Independent,School Single Entity,Association of Independent Schools of New South Wales,5-Dec,1157,1,6,22,70,124,115.2,81,73.4,1087,1087,0,1086.6,2,4
43700,Covenant Christian School,Belrose,2085,Combined,Major Cities,-33.7137,151.216,98,Independent,School Single Entity,Association of Independent Schools of New South Wales,K-12,1152,1,7,24,67,92,75.6,55,35.7,909,447,462,909,1,24
43705,Mount Sinai College,Maroubra,2035,Primary,Major Cities,-33.9352,151.237,98,Independent,School Single Entity,Association of Independent Schools of New South Wales,K-6,1151,2,7,25,66,21,20.2,14,11.1,274,124,150,274,0,10
43724,OneSchool Global NSW,Oatlands,2117,Combined,Major Cities,-33.7863,151.033,,Independent,School Head Campus,Association of Independent Schools of New South Wales,3-Dec,986,34,52,13,0,144,124.9,46,41.5,1106,528,578,1106,0,0
43725,Yeshiva College,Bondi,2026,Combined,Major Cities,-33.8916,151.259,,Independent,School Single Entity,Association of Independent Schools of New South Wales,K-10,1117,2,11,37,50,6,6,8,5.9,50,22,28,50,0,38
43734,Currambena Primary School,Lane Cove,2066,Primary,Major Cities,-33.8208,151.17,,Independent,School Single Entity,Association of Independent Schools of New South Wales,K-6,1105,4,12,39,45,7,6.3,3,1.9,91,44,47,91,2,23
43762,Abbotsleigh,Wahroonga,2076,Combined,Major Cities,-33.7199,151.111,100,Independent,School Head Campus,Association of Independent Schools of New South Wales,K-12,1216,0,2,10,88,155,139.8,118,106.9,1459,1459,0,1459,1,46
43795,Queenwood,Mosman,2088,Combined,Major Cities,-33.8238,151.248,,Independent,School Head Campus,Association of Independent Schools of New South Wales,K-12,,,,,,118,105,91,49.1,896,896,0,896,0,1
43812,Glenaeon Rudolf Steiner School,Middle Cove,2068,Combined,Major Cities,-33.7915,151.209,,Independent,School Head Campus,Association of Independent Schools of New South Wales,K-12,1140,1,5,27,66,56,48.8,31,19.6,411,196,215,411,0,29
43815,Kamaroi Rudolf Steiner School,Belrose,2085,Primary,Major Cities,-33.7114,151.216,,Independent,School Single Entity,Association of Independent Schools of New South Wales,K-6,1126,2,11,30,58,18,13.6,12,6.9,177,95,82,177,0,14
43821,The Scots College,Bellevue Hill,2023,Combined,Major Cities,-33.8751,151.254,99,Independent,School Head Campus,Association of Independent Schools of New South Wales,K-12,1110,4,16,35,46,237,223,144,123.2,1967,0,1967,1967,1,18
43839,Kesser Torah College,Dover Heights,2030,Combined,Major Cities,-33.8723,151.283,92,Independent,School Single Entity,Association of Independent Schools of New South Wales,K-12,1081,8,23,32,36,36,28.8,20,12.9,335,178,157,335,0,24
43841,St Andrew's Cathedral School,Sydney,2000,Combined,Major Cities,-33.8738,151.206,95,Independent,School Head Campus,Association of Independent Schools of New South Wales,K-12,1167,1,4,18,77,167,147.8,86,66,1313,498,815,1311.1,2,27
43846,Pymble Ladies' College,Pymble,2073,Combined,Major Cities,-33.7473,151.134,100,Independent,School Single Entity,Association of Independent Schools of New South Wales,K-12,1182,1,3,15,81,224,206.4,150,125.4,2273,2273,0,2272.6,1,44
43856,Northside Montessori School,Pymble,2073,Primary,Major Cities,-33.7349,151.137,93,Independent,School Single Entity,Association of Independent Schools of New South Wales,K-6,1153,2,3,24,72,10,8.1,20,13.9,88,36,52,88,0,43
43859,Masada College,St Ives,2075,Combined,Major Cities,-33.7298,151.167,99,Independent,School Single Entity,Association of Independent Schools of New South Wales,K-12,1142,1,7,26,67,62,54.7,36,23.9,479,186,293,478,0,34
43863,Roseville College,Roseville,2069,Combined,Major Cities,-33.7852,151.18,99,Independent,School Single Entity,Association of Independent Schools of New South Wales,K-12,1195,0,3,12,85,110,98.5,45,37.1,973,973,0,973,0,18
43868,Wenona School,North Sydney,2060,Combined,Major Cities,-33.8341,151.21,99,Independent,School Single Entity,Association of Independent Schools of New South Wales,K-12,1168,3,7,17,73,111,105.4,80,72.5,1138,1138,0,1138,0,4
43869,Forestville Montessori School,Forestville,2087,Primary,Major Cities,-33.7583,151.219,,Independent,School Single Entity,Association of Independent Schools of New South Wales,K-6,,,,,,17,14.5,5,4,60,24,36,60,0,0
43872,Claremont College,Randwick,2031,Primary,Major Cities,-33.9184,151.244,96,Independent,School Single Entity,Association of Independent Schools of New South Wales,K-6,1160,1,4,18,77,30,27,20,14.6,377,196,181,377,1,9
43875,SCECGS Redlands,Cremorne,2090,Combined,Major Cities,-33.8322,151.227,,Independent,School Head Campus,Association of Independent Schools of New South Wales,K-12,1194,0,2,14,84,168,157,121,103.3,1600,806,794,1600,0,13
43896,Northcross Christian School,Ryde,2112,Primary,Major Cities,-33.8056,151.111,100,Independent,School Single Entity,Christian Schools Australia,K-6,1176,1,4,17,78,30,23.9,17,8.8,357,176,181,357,0,62
43899,Italian Bilingual School,Meadowbank,2114,Primary,Major Cities,-33.8864,151.158,97,Independent,School Single Entity,Association of Independent Schools of New South Wales,K-6,1134,2,6,27,65,13,10,4,3,90,49,41,90,2,23
43918,Yanginanook School,Belrose,2085,Combined,Major Cities,-33.7124,151.214,,Independent,School Single Entity,Association of Independent Schools of New South Wales,K-7,1087,13,15,24,49,6,3.3,3,1,37,23,14,37,8,13
43920,Kambala,Rose Bay,2029,Combined,Major Cities,-33.8656,151.272,99,Independent,School Head Campus,Association of Independent Schools of New South Wales,K-12,1140,1,3,16,80,121,109.6,83,63.7,972,972,0,972,1,6
43922,Montessori East,Bondi,2026,Primary,Major Cities,-33.893,151.264,,Independent,School Single Entity,Association of Independent Schools of New South Wales,K-6,1189,0,2,13,85,6,5,21,12,101,46,55,101,0,18
43934,International Grammar School,Ultimo,2007,Combined,Major Cities,-33.8817,151.195,99,Independent,School Single Entity,Association of Independent Schools of New South Wales,K-12,1167,1,5,18,76,114,107,43,37.6,1186,544,642,1186,2,33
43939,Ravenswood School for Girls,Gordon,2072,Combined,Major Cities,-33.76,151.156,99,Independent,School Head Campus,Association of Independent Schools of New South Wales,K-12,1177,0,4,17,79,158,144,91,78.3,1268,1268,0,1268,0,26
43941,SCEGGS Darlinghurst,Darlinghurst,2010,Combined,Major Cities,-33.876,151.219,,Independent,School Single Entity,Association of Independent Schools of New South Wales,K-12,1207,1,1,10,88,129,116.3,59,52.9,930,930,0,930,1,16
43953,Ascham School,Edgecliff,2027,Combined,Major Cities,-33.8787,151.237,99,Independent,School Single Entity,Association of Independent Schools of New South Wales,K-12,1135,2,11,31,55,143,127.1,99,84.1,1181,1181,0,1181,1,15
43957,Emanuel School,Randwick,2031,Combined,Major Cities,-33.907,151.244,99,Independent,School Single Entity,Association of Independent Schools of New South Wales,K-12,1183,1,4,16,80,91,83.2,57,39.2,829,400,429,829,0,10
43961,Berowra Christian School,Berowra,2081,Primary,Major Cities,-33.6213,151.147,,Independent,School Single Entity,Association of Independent Schools of New South Wales,K-6,1082,5,22,39,34,8,4.6,4,1.9,50,20,30,50,0,18
43973,Galstaun College,Ingleside,2101,Combined,Major Cities,-33.6787,151.265,91,Independent,School Single Entity,Association of Independent Schools of New South Wales,K-12,,,,,,28,24.4,11,7.5,306,148,158,306,0,61
43976,Arden Anglican School,Beecroft,2119,Primary,Major Cities,-33.7467,151.065,99,Independent,School Head Campus,Association of Independent Schools of New South Wales,K-12,1128,3,13,28,56,73,67.4,47,33.3,859,377,482,859,0,53
43979,John Colet School,Belrose,2085,Primary,Major Cities,-33.7229,151.214,100,Independent,School Single Entity,Association of Independent Schools of New South Wales,K-6,1211,0,2,11,87,22,18.5,28,14.6,228,111,117,228,0,44
43982,Inner Sydney Montessori School,Balmain,2041,Primary,Major Cities,-33.8591,151.185,95,Independent,School Head Campus,Association of Independent Schools of New South Wales,K-6,1168,0,6,19,75,17,11.4,54,26.3,185,87,98,185,0,6
43988,The Athena School,Newtown,2042,Combined,Major Cities,-33.8956,151.175,,Independent,School Single Entity,Association of Independent Schools of New South Wales,K-10,1015,23,34,36,8,7,7,6,4,45,23,22,45,2,56
43995,St Catherine's School,Waverley,2024,Combined,Major Cities,-33.9047,151.254,98,Independent,School Single Entity,Association of Independent Schools of New South Wales,K-12,1167,1,6,20,74,122,112.8,87,70.7,1013,1013,0,1013,1,18
43996,St Luke's Grammar School,Dee Why,2099,Combined,Major Cities,-33.7598,151.284,97,Independent,School Head Campus,Association of Independent Schools of New South Wales,K-12,1157,1,6,22,71,117,101.7,51,39.9,1148,569,579,1148,0,12
44003,A.G.B.U. Alexander Primary School,Duffys Forest,2084,Primary,Major Cities,-33.67679,151.18715,,Independent,School Single Entity,Association of Independent Schools of New South Wales,K-6,926,73,23,4,0,5,4.6,4,1.8,51,26,25,51,0,100
44007,Wahroonga Adventist School,Wahroonga,2076,Combined,Major Cities,-33.7367,151.1,97,Independent,School Single Entity,Association of Independent Schools of New South Wales,K-10,1139,1,8,30,61,48,42.2,10,5.8,516,244,272,516,0,22
44022,Mosman Church of England Preparatory School,Mosman,2088,Primary,Major Cities,-33.8329,151.24,99,Independent,School Head Campus,Association of Independent Schools of New South Wales,K-6,1197,0,2,11,87,31,26.3,20,15.9,301,0,301,301,0,93
44023,Northern Beaches Christian School,Terrey Hills,2084,Combined,Major Cities,-33.674,151.202,92,Independent,School Single Entity,Association of Independent Schools of New South Wales,K-12,1134,1,10,29,60,91,83.1,52,40.2,1228,532,696,1226.5,0,7
44026,Coogee Boys' Preparatory School,Randwick,2031,Primary,Major Cities,-33.9128,151.239,100,Independent,School Single Entity,Association of Independent Schools of New South Wales,K-6,1154,1,7,22,70,14,11.4,4,3,125,0,125,125,0,22
44028,Oxford Falls Grammar School,Oxford Falls,2100,Combined,Major Cities,-33.7382,151.246,97,Independent,School Single Entity,Christian Schools Australia,K-12,1136,2,9,29,60,97,88.7,63,42.8,1126,553,573,1126,0,8
50251,St Andrew's Cathedral Gawura School,Sydney,2000,Primary,Major Cities,-33.8738,151.205,,Independent,School Single Entity,Association of Independent Schools of New South Wales,K-6,792,45,36,15,4,13,5.8,7,3.8,32,19,13,32,100,13
50500,Pittwater House Schools,Collaroy,2097,Combined,Major Cities,-33.7409,151.291,96,Independent,School Single Entity,Association of Independent Schools of New South Wales,K-12,1156,0,6,23,70,103,92.3,59,48.6,848,383,465,847.3,0,20
51526,International Chinese School,Chatswood,2067,Primary,Major Cities,-33.7955,151.177,,Independent,School Single Entity,Association of Independent Schools of New South Wales,K-4,1178,0,2,22,77,7,3.7,2,1.1,40,26,14,40,0,58
52051,Anzac Park Public School,Cammeray,2062,Primary,Major Cities,-33.8266,151.211,89,Government,School Single Entity,Department of Education NSW,"U, K-6",1141,1,8,26,65,34,37.1,6,6.2,619,319,300,619,1,50
52367,Hills Montessori School,West Pennant Hills,2125,Combined,Major Cities,-33.7521,151.025,,Independent,School Single Entity,,K,,,,,,3,1.5,3,1.5,13,6,7,13,0,
52671,Wentworth Point Public School,Wentworth Point,2127,Primary,Major Cities,-33.8233,151.08,85,Government,School Single Entity,,"U, K-6",1095,6,14,35,46,15,22.8,6,6,357,171,186,357,1,90
52704,Lindfield Learning Village,Lindfield,2070,Combined,Major Cities,-33.7867,151.16112,95,Government,School Single Entity,Department of Education NSW,K-12,1160,1,6,21,72,30,36.2,8,6.8,315,147,168,315,1,30
