School_Name,Suburb,Postcode,Type,Latitude,Longitude,School_Sector,Teaching_Staff,Total_Enrolments,Girls_Enrolments,Boys_Enrolments,Indigenous_Enrolments,Language_Background_Other_Than_English
Abbotsford Public School,Abbotsford,2046,Primary,-33.8527,151.131,Government,29,567,286,281,1,45
Kinma School,Terrey Hills,2084,Primary,-33.6866,151.217,Independent,10,90,45,45,0,2
Knox Grammar School,Wahroonga,2076,Combined,-33.7231,151.119,Independent,303,3030,77,2953,0,30
Moriah College,Bondi Junction,2022,Combined,-33.8994,151.245,Independent,174,1449,706,743,0,7
Highfields Preparatory and Kindergarten School,Lindfield,2070,Primary,-33.775,151.164,Independent,13,87,45,42,0,51
Tangara School for Girls,Cherrybrook,2126,Combined,-33.7364,151.036,Independent,69,616,560,56,0,32
Alexandria Park Community School,Alexandria,2015,Combined,-33.9002,151.196,Government,56,882,375,507,19,59
All Hallows Catholic Primary School,Five Dock,2046,Primary,-33.8609,151.134,Catholic,32,457,261,196,0,42
Australia Street Infants School,Newtown,2042,Primary,-33.8958,151.178,Government,7,99,45,54,1,19
Russell Lea Public School,Russell Lea,2046,Primary,-33.8614,151.143,Government,13,258,143,115,0,31
Allambie Heights Public School,Allambie Heights,2100,Primary,-33.7658,151.252,Government,23,555,247,308,1,16
Taverners Hill Infants School,Petersham,2049,Primary,-33.889,151.157,Government,4,61,22,39,3,25
Annandale North Public School,Annandale,2038,Primary,-33.8779,151.172,Government,17,402,206,196,3,22
Annandale Public School,Annandale,2038,Primary,-33.8858,151.17,Government,25,402,180,222,2,32
Artarmon Public School,Artarmon,2064,Primary,-33.8112,151.186,Government,58,1248,583,665,0,83
Asquith Public School,Asquith,2077,Primary,-33.6857,151.112,Government,21,452,219,233,2,48
Avalon Public School,Avalon Beach,2107,Primary,-33.6396,151.327,Government,37,914,461,453,0,11
Barrenjoey Montessori School,Avalon,2107,Primary,-33.6312,151.334,Independent,6,59,26,33,0,24
Balgowlah Heights Public School,Balgowlah,2093,Primary,-33.8057,151.258,Government,32,711,363,348,0,17
Balgowlah North Public School,North Balgowlah,2093,Primary,-33.7833,151.246,Government,25,568,265,303,1,11
Balmain Public School,Balmain,2041,Primary,-33.8592,151.183,Government,18,379,189,190,1,34
Banksmeadow Public School,Botany,2019,Primary,-33.9537,151.207,Government,18,312,140,172,5,31
Beacon Hill Public School,Beacon Hill,2100,Primary,-33.7516,151.261,Government,25,533,255,278,1,22
Beaumont Road Public School,Killara,2071,Primary,-33.7743,151.146,Government,17,408,199,209,0,47
Beauty Point Public School,Mosman,2088,Primary,-33.812,151.242,Government,15,304,156,148,0,31
Lindfield Montessori Preschool,West Lindfield,2070,Combined,-33.7778,151.148,Independent,3,3,1,2,0,
Beecroft Public School,Beecroft,2119,Primary,-33.7521,151.065,Government,43,890,469,421,0,64
Cameragal Montessori School,North Sydney,2060,Primary,-33.8334,151.216,Independent,5,19,8,11,0,33
Karuna Montessori School,Narraweena,2099,Combined,-33.7478,151.276,Independent,3,8,3,5,0,
Farmhouse Montessori School,North Balgowlah,2093,Combined,-33.7834,151.246,Independent,7,44,18,26,0,34
Reddam House,Woollahra,2025,Combined,-33.8893,151.253,Independent,142,1223,555,668,0,88
Bellevue Hill Public School,Bellevue Hill,2023,Primary,-33.887,151.26,Government,32,566,284,282,1,53
Belrose Public School,Belrose,2085,Primary,-33.7272,151.217,Government,13,267,133,134,0,17
Birchgrove Public School,Balmain,2041,Primary,-33.853,151.177,Government,21,371,191,180,0,24
Bondi Beach Public School,Bondi Beach,2026,Primary,-33.8883,151.277,Government,29,618,276,342,1,28
Botany Public School,Botany,2019,Primary,-33.9432,151.195,Government,13,289,137,152,3,45
Bronte Public School,Bronte,2024,Primary,-33.9006,151.262,Government,20,388,182,206,0,19
Camdenville Public School,Newtown,2042,Primary,-33.9061,151.176,Government,18,344,166,178,3,23
Clovelly Public School,Waverley,2024,Primary,-33.9074,151.26,Government,30,599,313,286,1,20
Berowra Public School,Berowra,2081,Primary,-33.6185,151.149,Government,19,419,186,233,0,14
Coogee Public School,Coogee,2034,Primary,-33.9205,151.25,Government,30,615,308,307,1,33
Darlington Public School,Chippendale,2008,Primary,-33.8926,151.189,Government,17,206,98,108,24,33
Double Bay Public School,Double Bay,2028,Primary,-33.8749,151.241,Government,16,341,189,152,0,31
Drummoyne Public School,Drummoyne,2047,Primary,-33.8561,151.153,Government,34,620,326,294,0,42
Five Dock Public School,Five Dock,2046,Primary,-33.8663,151.127,Government,26,392,196,196,3,44
Forest Lodge Public School,Forest Lodge,2037,Primary,-33.8822,151.182,Government,17,340,160,180,1,40
Fort Street Public School,Sydney,2000,Primary,-33.8604,151.205,Government,11,215,97,118,0,77
Glenmore Road Public School,Paddington,2021,Primary,-33.8814,151.23,Government,16,364,192,172,1,21
Haberfield Public School,Haberfield,2045,Primary,-33.8795,151.134,Government,34,670,338,332,0,63
Kegworth Public School,Leichhardt,2040,Primary,-33.8865,151.147,Government,18,343,166,177,5,30
Bilgola Plateau Public School,Bilgola Plateau,2107,Primary,-33.644,151.313,Government,26,532,274,258,1,13
Kensington Public School,Kensington,2033,Primary,-33.9099,151.225,Government,23,453,225,228,1,72
La Perouse Public School,La Perouse,2036,Primary,-33.9795,151.235,Government,6,54,22,32,65,72
Malabar Public School,Malabar,2036,Primary,-33.9622,151.249,Government,13,298,152,146,5,26
Maroubra Bay Public School,Maroubra,2035,Primary,-33.9442,151.253,Government,19,371,171,200,6,41
Mascot Public School,Mascot,2020,Primary,-33.9286,151.192,Government,22,367,170,197,4,73
Matraville Public School,Matraville,2036,Primary,-33.9551,151.229,Government,13,229,100,129,2,80
Newtown North Public School,Newtown,2042,Primary,-33.8918,151.185,Government,11,258,126,132,1,29
Nicholson Street Public School,Balmain East,2041,Primary,-33.8561,151.193,Government,7,168,79,89,0,17
Orange Grove Public School,Leichhardt,2040,Primary,-33.8724,151.158,Government,24,496,243,253,4,22
Rainbow Street Public School,Randwick,2031,Primary,-33.9246,151.237,Government,25,390,180,210,2,56
Rose Bay Public School,Rose Bay,2029,Primary,-33.873,151.271,Government,33,587,300,287,0,58
St Peters Public School,St Peters,2044,Primary,-33.913,151.177,Government,8,124,57,67,8,33
Ultimo Public School,Ultimo,2007,Primary,-33.8768,151.197,Government,16,314,164,150,5,69
Vaucluse Public School,Vaucluse,2030,Primary,-33.8505,151.281,Government,20,363,172,191,0,37
South Coogee Public School,South Coogee,2034,Primary,-33.9333,151.254,Government,25,548,290,258,4,35
Dobroyd Point Public School,Haberfield,2045,Primary,-33.8744,151.141,Government,14,227,110,117,1,32
Pagewood Public School,Botany,2019,Primary,-33.9422,151.214,Government,14,313,154,159,1,49
Crown Street Public School,Surry Hills,2010,Primary,-33.8823,151.215,Government,17,292,146,146,2,54
Tempe Public School,Tempe,2044,Primary,-33.9209,151.161,Government,24,322,166,156,5,38
Bondi Public School,Bondi,2026,Primary,-33.8926,151.265,Government,26,596,294,302,0,26
Waverley Public School,Waverley,2024,Primary,-33.8982,151.252,Government,15,330,158,172,1,35
Matraville Soldiers Settlement Public School,Matraville,2036,Primary,-33.958,151.24,Government,11,242,128,114,24,38
Erskineville Public School,Erskineville,2043,Primary,-33.9009,151.186,Government,17,401,200,201,1,49
Boronia Park Public School,Hunters Hill,2110,Primary,-33.8214,151.136,Government,26,541,275,266,1,28
Randwick Public School,Randwick,2031,Primary,-33.9106,151.242,Government,46,958,484,474,1,41
Bourke Street Public School,Surry Hills,2010,Primary,-33.8905,151.216,Government,20,436,209,227,3,33
Chifley Public School,Malabar,2036,Primary,-33.966,151.242,Government,11,166,86,80,40,19
Lewisham Public School,Lewisham,2049,Primary,-33.8977,151.146,Government,11,217,125,92,1,39
Petersham Public School,Petersham,2049,Primary,-33.8956,151.15,Government,14,267,117,150,1,30
Eastlakes Public School,Eastlakes,2018,Primary,-33.9281,151.214,Government,15,197,96,101,3,93
Plunkett Street Public School,Woolloomooloo,2011,Primary,-33.8709,151.22,Government,2,60,28,32,32,53
Sydney Distance Education Primary School,Surry Hills,2010,Primary,-33.8863,151.213,Government,12,177,80,97,2,27
Brooklyn Public School,Brooklyn,2083,Primary,-33.5484,151.215,Government,4,75,35,40,0,28
Brookvale Public School,Brookvale,2100,Primary,-33.7617,151.271,Government,16,341,176,165,1,47
Daceyville Public School,Daceyville,2032,Primary,-33.9295,151.228,Government,18,269,140,129,8,62
Darlinghurst Public School,Potts Point,2011,Primary,-33.8786,151.223,Government,16,322,167,155,1,38
Gardeners Road Public School,Rosebery,2018,Primary,-33.9206,151.198,Government,21,358,184,174,4,75
Glebe Public School,Glebe,2037,Primary,-33.8837,151.191,Government,16,309,150,159,17,44
Leichhardt Public School,Leichhardt,2040,Primary,-33.8843,151.158,Government,36,736,371,365,3,30
Maroubra Junction Public School,Maroubra,2035,Primary,-33.9361,151.237,Government,34,619,295,324,0,58
Newtown Public School,Newtown,2042,Primary,-33.9,151.179,Government,17,417,205,212,2,23
Paddington Public School,Paddington,2021,Primary,-33.8876,151.23,Government,14,291,146,145,1,39
Rozelle Public School,Rozelle,2039,Primary,-33.8626,151.17,Government,31,632,307,325,1,19
Stanmore Public School,Stanmore,2048,Primary,-33.8955,151.165,Government,33,636,313,323,1,28
Woollahra Public School,Woollahra,2025,Primary,-33.8864,151.241,Government,36,767,363,404,0,44
Cammeray Public School,Cammeray,2062,Primary,-33.8204,151.212,Government,44,888,454,434,1,27
Carlingford Public School,Carlingford,2118,Primary,-33.7801,151.055,Government,40,784,383,401,1,87
Carlingford West Public School,Carlingford,2118,Primary,-33.7821,151.038,Government,71,1528,730,798,0,95
Seaforth Public School,Seaforth,2092,Primary,-33.7933,151.251,Government,26,520,248,272,1,18
Cowan Public School,Cowan,2081,Primary,-33.5888,151.169,Government,3,43,18,25,5,23
Dee Why Public School,Dee Why,2099,Primary,-33.749,151.285,Government,28,490,221,269,1,65
Epping Public School,Epping,2121,Primary,-33.7707,151.088,Government,27,631,319,312,0,93
Epping West Public School,Epping,2121,Primary,-33.7728,151.068,Government,67,1290,621,669,0,93
Castle Cove Public School,Castle Cove,2069,Primary,-33.7834,151.202,Government,24,442,218,224,1,35
Ermington Public School,West Ryde,2114,Primary,-33.8048,151.07,Government,21,402,181,221,1,66
Frenchs Forest Public School,Frenchs Forest,2086,Primary,-33.7515,151.225,Government,12,261,133,128,0,25
Gladesville Public School,Gladesville,2111,Primary,-33.833,151.126,Government,26,537,258,279,1,46
Greenwich Public School,Greenwich,2065,Primary,-33.8259,151.183,Government,26,487,248,239,1,29
Harbord Public School,Freshwater,2096,Primary,-33.7727,151.286,Government,49,1109,550,559,0,21
Hunters Hill Public School,Hunters Hill,2110,Primary,-33.8351,151.151,Government,18,369,175,194,1,36
Lane Cove Public School,Lane Cove,2066,Primary,-33.8165,151.169,Government,45,867,437,430,0,45
Lindfield Public School,Lindfield,2070,Primary,-33.7808,151.169,Government,40,822,400,422,0,53
Lindfield East Public School,East Lindfield,2070,Primary,-33.7675,151.184,Government,37,674,310,364,0,58
Manly West Public School,Balgowlah,2093,Primary,-33.7919,151.269,Government,40,871,429,442,1,22
Middle Harbour Public School,Mosman,2088,Primary,-33.8228,151.233,Government,31,609,308,301,0,30
Mona Vale Public School,Mona Vale,2103,Primary,-33.677,151.3,Government,49,1131,517,614,1,21
Narrabeen Lakes Public School,Narrabeen,2101,Primary,-33.7203,151.297,Government,22,418,191,227,2,31
Neutral Bay Public School,Neutral Bay,2089,Primary,-33.8326,151.22,Government,44,959,471,488,0,42
Newport Public School,Newport,2106,Primary,-33.6606,151.312,Government,35,775,394,381,0,12
Normanhurst Public School,Normanhurst,2076,Primary,-33.7226,151.097,Government,18,417,198,219,0,45
Northbridge Public School,Northbridge,2063,Primary,-33.813,151.219,Government,24,519,274,245,0,27
Chatswood Public School,Chatswood,2067,Primary,-33.7982,151.178,Government,70,1315,629,686,0,88
North Sydney Public School,Waverton,2060,Primary,-33.8348,151.204,Government,44,887,456,431,0,49
Pennant Hills Public School,Pennant Hills,2120,Primary,-33.7358,151.068,Government,27,565,282,283,1,51
Cherrybrook Public School,Cherrybrook,2126,Primary,-33.7313,151.042,Government,43,903,420,483,0,66
West Pennant Hills Public School,West Pennant Hills,2125,Primary,-33.7461,151.05,Government,32,638,291,347,0,34
Putney Public School,Ryde,2112,Primary,-33.8246,151.111,Government,22,484,236,248,1,48
Roseville Public School,Roseville,2069,Primary,-33.7819,151.189,Government,28,638,318,320,0,43
Ryde Public School,Ryde,2112,Primary,-33.8126,151.108,Government,37,602,276,326,1,82
North Ryde Public School,North Ryde,2113,Primary,-33.7948,151.12,Government,22,420,211,209,0,64
West Ryde Public School,West Ryde,2114,Primary,-33.8084,151.085,Government,37,691,329,362,0,84
Terrey Hills Public School,Terrey Hills,2084,Primary,-33.6857,151.223,Government,13,236,107,129,1,14
Turramurra North Public School,North Turramurra,2074,Primary,-33.7147,151.148,Government,11,258,129,129,0,20
Waitara Public School,Wahroonga,2076,Primary,-33.7079,151.112,Government,46,978,522,456,0,90
Warrawee Public School,Turramurra,2074,Primary,-33.7295,151.121,Government,32,687,318,369,0,49
Willoughby Public School,Willoughby,2068,Primary,-33.8022,151.2,Government,47,1047,539,508,0,36
Pymble Public School,Pymble,2073,Primary,-33.7323,151.141,Government,29,643,325,318,0,49
Narraweena Public School,Narraweena,2099,Primary,-33.7494,151.274,Government,23,506,258,248,2,33
Wahroonga Public School,Wahroonga,2076,Primary,-33.7156,151.128,Government,36,696,330,366,0,41
Melrose Park Public School,West Ryde,2114,Primary,-33.8148,151.072,Government,10,208,119,89,0,40
Turramurra Public School,Turramurra,2074,Primary,-33.7453,151.114,Government,28,570,274,296,0,32
Denistone East Public School,Eastwood,2122,Primary,-33.7943,151.097,Government,41,777,369,408,0,80
Meadowbank Public School,Ryde,2112,Primary,-33.8171,151.098,Government,20,486,236,250,0,78
Mount Colah Public School,Mount Colah,2079,Primary,-33.6729,151.116,Government,20,467,229,238,1,20
Narrabeen North Public School,North Narrabeen,2101,Primary,-33.6999,151.298,Government,33,725,329,396,2,16
Lane Cove West Public School,Lane Cove,2066,Primary,-33.8099,151.152,Government,27,613,284,329,0,33
Killara Public School,Killara,2071,Primary,-33.7659,151.148,Government,19,432,206,226,0,64
Curl Curl North Public School,North Curl Curl,2099,Primary,-33.7646,151.289,Government,39,833,396,437,0,26
Gordon West Public School,Pymble,2073,Primary,-33.7603,151.139,Government,28,582,290,292,1,57
Manly Village Public School,Manly,2095,Primary,-33.7994,151.287,Government,34,704,344,360,0,35
Collaroy Plateau Public School,Collaroy Plateau,2097,Primary,-33.733,151.293,Government,28,619,317,302,0,20
Gordon East Public School,Gordon,2072,Primary,-33.7459,151.157,Government,14,314,137,177,0,43
Mowbray Public School,Lane Cove,2066,Primary,-33.8039,151.156,Government,34,636,320,316,0,55
Forestville Public School,Forestville,2087,Primary,-33.7616,151.213,Government,35,681,310,371,0,23
Manly Vale Public School,Manly Vale,2093,Primary,-33.7835,151.26,Government,24,521,254,267,1,27
Epping Heights Public School,Epping,2121,Primary,-33.7627,151.074,Government,25,551,270,281,0,77
Eastwood Heights Public School,Eastwood,2122,Primary,-33.7819,151.095,Government,27,523,250,273,1,69
Mount Kuring-gai Public School,Mount Kuring-Gai,2080,Primary,-33.6575,151.136,Government,7,180,95,85,1,23
Kent Road Public School,Eastwood,2122,Primary,-33.7874,151.109,Government,41,790,403,387,1,77
Truscott Street Public School,North Ryde,2113,Primary,-33.7941,151.131,Government,20,324,165,159,0,55
Epping North Public School,North Epping,2121,Primary,-33.7576,151.095,Government,22,477,233,244,1,41
Elanora Heights Public School,Elanora Heights,2101,Primary,-33.7037,151.285,Government,29,573,266,307,1,12
Cromer Public School,Cromer,2099,Primary,-33.738,151.275,Government,34,639,298,341,2,16
Wheeler Heights Public School,Collaroy Plateau,2097,Primary,-33.7278,151.285,Government,24,478,231,247,3,13
Ryde East Public School,North Ryde,2113,Primary,-33.8071,151.126,Government,34,552,260,292,1,43
Hornsby Heights Public School,Hornsby,2077,Primary,-33.6698,151.097,Government,21,459,222,237,1,23
Normanhurst West Public School,Thornleigh,2120,Primary,-33.7189,151.087,Government,24,519,243,276,0,35
Thornleigh West Public School,Thornleigh,2120,Primary,-33.7239,151.072,Government,32,618,287,331,0,31
West Pymble Public School,West Pymble,2073,Primary,-33.7639,151.124,Government,17,348,158,190,0,32
St Ives North Public School,St Ives,2075,Primary,-33.7187,151.164,Government,46,929,471,458,0,65
Roselea Public School,Carlingford,2118,Primary,-33.7654,151.053,Government,22,344,174,170,2,61
St Ives Public School,St Ives,2075,Primary,-33.7386,151.167,Government,21,522,281,241,0,45
Hornsby North Public School,Hornsby,2077,Primary,-33.6826,151.099,Government,44,949,472,477,0,70
Wakehurst Public School,Belrose,2085,Primary,-33.7394,151.218,Government,18,360,165,195,0,17
Killarney Heights Public School,Killarney Heights,2087,Primary,-33.7749,151.216,Government,38,678,341,337,0,61
St Ives Park Public School,St Ives,2075,Primary,-33.7241,151.179,Government,9,176,89,87,1,45
Murray Farm Public School,Carlingford,2118,Primary,-33.7661,151.04,Government,49,988,473,515,0,87
Mimosa Public School,Frenchs Forest,2086,Primary,-33.7433,151.206,Government,23,534,286,248,1,17
Wideview Public School,Berowra Heights,2082,Primary,-33.6085,151.142,Government,20,403,203,200,1,15
Kambora Public School,Davidson,2085,Primary,-33.7401,151.195,Government,12,223,87,136,0,19
John Purchase Public School,Cherrybrook,2126,Primary,-33.7142,151.045,Government,28,644,303,341,0,74
Hornsby South Public School,Hornsby,2077,Primary,-33.7135,151.095,Government,34,658,329,329,1,77
Corpus Christi Catholic Primary School,St Ives,2075,Primary,-33.7283,151.166,Catholic,15,166,83,83,0,29
Eastwood Public School,Eastwood,2122,Primary,-33.7927,151.078,Government,48,907,440,467,0,95
Mosman Public School,Mosman,2088,Primary,-33.8281,151.241,Government,33,668,325,343,0,37
Dundas Public School,Dundas,2117,Primary,-33.8044,151.036,Government,20,379,173,206,2,70
Ermington West Public School,Ermington,2115,Primary,-33.8059,151.058,Government,16,179,97,82,6,66
Galilee Catholic Primary School,Bondi Beach,2026,Primary,-33.8852,151.27522,Catholic,12,125,63,62,0,8
Newington Public School,Newington,2127,Primary,-33.8411,151.055,Government,43,872,415,457,0,80
Holy Cross Catholic Primary School,Woollahra,2022,Primary,-33.8899,151.252,Catholic,17,258,134,124,0,37
Holy Family Catholic Primary School,Lindfield,2070,Primary,-33.7735,151.166,Catholic,18,219,112,107,0,32
Rydalmere Public School,Rydalmere,2116,Primary,-33.8143,151.045,Government,12,145,60,85,4,65
Holy Spirit Catholic Primary School,North Ryde,2113,Primary,-33.7946,151.123,Catholic,31,452,230,222,1,48
Oatlands Public School,Oatlands,2117,Primary,-33.8,151.023,Government,16,217,97,120,1,60
Telopea Public School,Telopea,2117,Primary,-33.797,151.044,Government,7,80,36,44,1,62
Rydalmere East Public School,Ermington,2115,Primary,-33.8171,151.058,Government,12,200,87,113,7,50
Yates Avenue Public School,Dundas Valley,2117,Primary,-33.7956,151.058,Government,12,128,47,81,6,59
Maria Regina Catholic Primary School,Avalon Beach,2107,Primary,-33.6335,151.331,Catholic,14,123,63,60,0,13
McAuley Catholic Primary School,Rose Bay,2029,Primary,-33.8706,151.272,Catholic,13,110,61,49,0,30
Our Lady Help of Christians Catholic Primary School,Epping,2121,Primary,-33.7708,151.083,Catholic,14,114,58,56,0,67
Our Lady of Dolours Catholic Primary School,Chatswood,2067,Primary,-33.7946,151.184,Catholic,24,314,153,161,0,74
Our Lady of Good Counsel Catholic Primary School,Forestville,2087,Primary,-33.7602,151.221,Catholic,29,385,205,180,1,37
Our Lady of Perpetual Succour Catholic Primary School,West Pymble,2073,Primary,-33.761,151.13,Catholic,13,128,63,65,1,20
Our Lady of the Annunciation Catholic Primary School,Pagewood,2035,Primary,-33.9467,151.23,Catholic,13,190,105,85,2,44
Our Lady of the Rosary Catholic Primary School,Waitara,2077,Primary,-33.7137,151.104,Catholic,20,272,136,136,0,56
Our Lady of the Rosary Catholic Primary School,Kensington,2033,Primary,-33.9122,151.221,Catholic,23,422,214,208,1,54
Prouille Catholic Primary School,Wahroonga,2076,Primary,-33.7158,151.122,Catholic,17,203,98,105,0,23
Sacred Heart Catholic Primary School,Mosman,2088,Primary,-33.8246,151.236,Catholic,29,394,206,188,0,13
Sacred Heart Catholic Primary School,Mona Vale,2103,Primary,-33.67563,151.30115,Catholic,24,357,186,171,1,25
Sacred Heart Catholic Primary School,Mona Vale,2103,Primary,-33.67563,151.30115,Catholic,24,357,186,171,1,25
St Agatha's Catholic Primary School,Pennant Hills,2120,Primary,-33.7393,151.067,Catholic,22,292,157,135,1,33
St Andrew's Catholic Primary School,Malabar,2036,Primary,-33.9641,151.248,Catholic,22,385,204,181,10,19
St Anthony's Catholic Primary School,Marsfield,2122,Primary,-33.781,151.103,Catholic,22,278,142,136,0,56
St Anthony's Catholic Primary School,Clovelly,2031,Primary,-33.9105,151.259,Catholic,15,179,86,93,2,12
St Bernadette's Primary School,Dundas Valley,2117,Primary,-33.7909,151.051,Catholic,16,179,87,92,0,56
St Bernadette's Primary School,Dundas Valley,2117,Primary,-33.7909,151.051,Catholic,16,179,87,92,0,56
St Bernard's Catholic Primary School,Berowra Heights,2082,Primary,-33.6142,151.144,Catholic,14,179,94,85,0,15
St Bernard's Catholic Primary School,Botany,2019,Primary,-33.9455,151.2,Catholic,15,204,102,102,3,21
St Brendan's Catholic Primary School,Annandale,2038,Primary,-33.8842,151.171,Catholic,15,176,88,88,1,21
St Brigid's Catholic Primary School,Coogee,2034,Primary,-33.9199,151.253,Catholic,17,195,94,101,0,10
St Cecilia's Catholic Primary School,Balgowlah,2093,Primary,-33.7962,151.258,Catholic,20,281,152,129,0,17
St Columba's Catholic Primary School,Leichhardt North,2040,Primary,-33.8797,151.152,Catholic,14,174,94,80,2,18
St Fiacre's Catholic Primary School,Leichhardt,2040,Primary,-33.8848,151.162,Catholic,11,131,64,67,3,30
St Francis of Assisi Regional Catholic Primary School,Paddington,2021,Primary,-33.8885,151.231,Catholic,19,205,117,88,1,19
St Gerard's Catholic Primary School,Carlingford,2118,Primary,-33.7659,151.051,Catholic,21,288,139,149,0,29
St James Catholic Primary School,Glebe,2037,Primary,-33.8795,151.185,Catholic,17,175,88,87,4,33
St John the Apostle Catholic Primary School,Narraweena,2099,Primary,-33.7505,151.274,Catholic,23,299,147,152,0,29
St John the Baptist Catholic Primary School,Freshwater,2096,Primary,-33.7752,151.284,Catholic,19,246,135,111,0,10
St Joseph's Catholic Primary School,Narrabeen,2101,Primary,-33.713,151.3,Catholic,16,148,71,77,1,20
St Kevin's Catholic Primary School,Dee Why,2099,Primary,-33.7545,151.29,Catholic,16,168,83,85,0,68
St Kevin's Catholic Primary School,Eastwood,2122,Primary,-33.7895,151.079,Catholic,21,410,198,212,1,50
St Kieran's Catholic Primary School,Manly Vale,2093,Primary,-33.78191,151.267,Catholic,22,296,140,156,0,24
St Margaret Mary's Catholic Primary School,Randwick North,2031,Primary,-33.9053,151.245,Catholic,15,174,88,86,1,33
St Martin's Catholic Primary School,Davidson,2085,Primary,-33.7419,151.199,Catholic,11,81,34,47,0,30
St Mary's Catholic Primary School,Manly,2095,Primary,-33.795,151.286,Catholic,24,293,160,133,0,26
St Mary's Primary School,Rydalmere,2116,Primary,-33.8119,151.041,Catholic,23,358,173,185,1,44
St Michael's Catholic Primary School,Daceyville,2032,Primary,-33.9302,151.225,Catholic,22,314,152,162,2,26
St Michael's Catholic Primary School,Meadowbank,2114,Primary,-33.8123,151.087,Catholic,24,354,174,180,1,45
St Michael's Catholic Primary School,Stanmore,2048,Primary,-33.8924,151.165,Catholic,13,132,71,61,0,30
St Patrick's Catholic Primary School,Asquith,2077,Primary,-33.6855,151.112,Catholic,23,283,131,152,1,42
St Philip Neri Catholic Primary School,Northbridge,2063,Primary,-33.8123,151.214,Catholic,15,147,76,71,0,23
St Pius' Catholic Primary School,Enmore,2042,Primary,-33.9074,151.174,Catholic,14,139,72,67,6,37
St Rose Catholic Primary School,Collaroy Plateau,2097,Primary,-33.7269,151.286,Catholic,15,205,96,109,0,30
St Therese Catholic Primary School,Mascot,2020,Primary,-33.9258,151.201,Catholic,35,609,306,303,2,69
St Thomas' Catholic Primary School,Willoughby,2068,Primary,-33.796,151.2,Catholic,23,357,182,175,0,18
Villa Maria Catholic Primary School,Hunters Hill,2110,Primary,-33.8301,151.14,Catholic,27,401,211,190,1,30
Sacred Heart Catholic Primary School,Pymble,2073,Primary,-33.7402,151.138,Catholic,21,293,157,136,0,23
Blessed Sacrament Catholic Primary School,Clifton Gardens,2088,Primary,-33.8351,151.245,Catholic,14,140,78,62,1,22
Fr John Therry Catholic Primary School Balmain-Rozelle,Balmain,2041,Primary,-33.8589,151.184,Catholic,25,354,181,173,0,23
Our Lady of the Sacred Heart Catholic Primary School,Randwick,2031,Primary,-33.9157,151.242,Catholic,29,434,233,201,0,16
Our Lady Queen of Peace Catholic Primary School,Gladesville,2111,Primary,-33.8263,151.127,Catholic,17,140,64,76,0,54
St Agnes' Catholic Primary School,Matraville,2036,Primary,-33.9589,151.232,Catholic,13,167,88,79,9,49
St Aidan's Catholic Primary School,Maroubra Junction,2035,Primary,-33.9419,151.242,Catholic,17,207,107,100,4,43
St Charles Catholic Primary School,Ryde,2112,Primary,-33.8183,151.114,Catholic,32,515,264,251,0,45
St Joan of Arc Catholic Primary School,Haberfield,2045,Primary,-33.8794,151.14,Catholic,21,244,138,106,2,64
St Therese's Catholic Primary School,Denistone,2122,Primary,-33.7973,151.094,Catholic,14,142,75,67,1,49
St Mark's Catholic Primary School,Drummoyne,2047,Primary,-33.8556,151.154,Catholic,25,321,166,155,0,45
St Mary - St Joseph Catholic Primary School,Maroubra,2035,Primary,-33.9473,151.252,Catholic,22,352,178,174,4,13
St Mary's Catholic Primary School,North Sydney,2060,Primary,-33.8327,151.208,Catholic,30,438,230,208,0,14
St Mary's Catholic Primary School,Erskineville,2043,Primary,-33.9002,151.188,Catholic,13,202,109,93,4,44
St Michael's Catholic Primary School,Lane Cove,2066,Primary,-33.819,151.17,Catholic,34,522,248,274,0,15
St Mary's Cathedral College,Sydney,2000,Combined,-33.8713,151.214,Catholic,59,781,0,781,1,39
Our Lady of Mount Carmel Catholic Primary School,Waterloo,2017,Primary,-33.8989,151.204,Catholic,14,81,36,45,59,22
St Charles' Primary School,Waverley,2024,Primary,-33.8996,151.253,Catholic,23,321,165,156,2,13
St Pius X College,Chatswood,2067,Combined,-33.7948,151.183,Independent,89,1131,0,1131,0,10
Loreto Kirribilli,Kirribilli,2061,Combined,-33.8471,151.216,Independent,115,1104,1104,0,0,13
Christian Brothers High School Lewisham,Lewisham,2049,Combined,-33.8974,151.146,Independent,103,1327,0,1327,3,11
St Augustine's College Sydney,Brookvale,2100,Combined,-33.7597,151.272,Independent,123,1341,0,1341,1,5
Kincoppal - Rose Bay School of the Sacred Heart,Rose Bay,2029,Combined,-33.8634,151.272,Independent,106,911,879,32,1,14
Loreto Normanhurst,Normanhurst,2076,Combined,-33.721,151.101,Independent,124,1087,1087,0,2,4
Covenant Christian School,Belrose,2085,Combined,-33.7137,151.216,Independent,92,909,447,462,1,24
Mount Sinai College,Maroubra,2035,Primary,-33.9352,151.237,Independent,21,274,124,150,0,10
OneSchool Global NSW,Oatlands,2117,Combined,-33.7863,151.033,Independent,144,1106,528,578,0,0
Yeshiva College,Bondi,2026,Combined,-33.8916,151.259,Independent,6,50,22,28,0,38
Currambena Primary School,Lane Cove,2066,Primary,-33.8208,151.17,Independent,7,91,44,47,2,23
Abbotsleigh,Wahroonga,2076,Combined,-33.7199,151.111,Independent,155,1459,1459,0,1,46
Queenwood,Mosman,2088,Combined,-33.8238,151.248,Independent,118,896,896,0,0,1
Glenaeon Rudolf Steiner School,Middle Cove,2068,Combined,-33.7915,151.209,Independent,56,411,196,215,0,29
Kamaroi Rudolf Steiner School,Belrose,2085,Primary,-33.7114,151.216,Independent,18,177,95,82,0,14
The Scots College,Bellevue Hill,2023,Combined,-33.8751,151.254,Independent,237,1967,0,1967,1,18
Kesser Torah College,Dover Heights,2030,Combined,-33.8723,151.283,Independent,36,335,178,157,0,24
St Andrew's Cathedral School,Sydney,2000,Combined,-33.8738,151.206,Independent,167,1313,498,815,2,27
Pymble Ladies' College,Pymble,2073,Combined,-33.7473,151.134,Independent,224,2273,2273,0,1,44
Northside Montessori School,Pymble,2073,Primary,-33.7349,151.137,Independent,10,88,36,52,0,43
Masada College,St Ives,2075,Combined,-33.7298,151.167,Independent,62,479,186,293,0,34
Roseville College,Roseville,2069,Combined,-33.7852,151.18,Independent,110,973,973,0,0,18
Wenona School,North Sydney,2060,Combined,-33.8341,151.21,Independent,111,1138,1138,0,0,4
Forestville Montessori School,Forestville,2087,Primary,-33.7583,151.219,Independent,17,60,24,36,0,0
Claremont College,Randwick,2031,Primary,-33.9184,151.244,Independent,30,377,196,181,1,9
SCECGS Redlands,Cremorne,2090,Combined,-33.8322,151.227,Independent,168,1600,806,794,0,13
Northcross Christian School,Ryde,2112,Primary,-33.8056,151.111,Independent,30,357,176,181,0,62
Italian Bilingual School,Meadowbank,2114,Primary,-33.8864,151.158,Independent,13,90,49,41,2,23
Yanginanook School,Belrose,2085,Combined,-33.7124,151.214,Independent,6,37,23,14,8,13
Kambala,Rose Bay,2029,Combined,-33.8656,151.272,Independent,121,972,972,0,1,6
Montessori East,Bondi,2026,Primary,-33.893,151.264,Independent,6,101,46,55,0,18
International Grammar School,Ultimo,2007,Combined,-33.8817,151.195,Independent,114,1186,544,642,2,33
Ravenswood School for Girls,Gordon,2072,Combined,-33.76,151.156,Independent,158,1268,1268,0,0,26
SCEGGS Darlinghurst,Darlinghurst,2010,Combined,-33.876,151.219,Independent,129,930,930,0,1,16
Ascham School,Edgecliff,2027,Combined,-33.8787,151.237,Independent,143,1181,1181,0,1,15
Emanuel School,Randwick,2031,Combined,-33.907,151.244,Independent,91,829,400,429,0,10
Berowra Christian School,Berowra,2081,Primary,-33.6213,151.147,Independent,8,50,20,30,0,18
Galstaun College,Ingleside,2101,Combined,-33.6787,151.265,Independent,28,306,148,158,0,61
Arden Anglican School,Beecroft,2119,Primary,-33.7467,151.065,Independent,73,859,377,482,0,53
John Colet School,Belrose,2085,Primary,-33.7229,151.214,Independent,22,228,111,117,0,44
Inner Sydney Montessori School,Balmain,2041,Primary,-33.8591,151.185,Independent,17,185,87,98,0,6
The Athena School,Newtown,2042,Combined,-33.8956,151.175,Independent,7,45,23,22,2,56
St Catherine's School,Waverley,2024,Combined,-33.9047,151.254,Independent,122,1013,1013,0,1,18
St Luke's Grammar School,Dee Why,2099,Combined,-33.7598,151.284,Independent,117,1148,569,579,0,12
A.G.B.U. Alexander Primary School,Duffys Forest,2084,Primary,-33.67679,151.18715,Independent,5,51,26,25,0,100
Wahroonga Adventist School,Wahroonga,2076,Combined,-33.7367,151.1,Independent,48,516,244,272,0,22
Mosman Church of England Preparatory School,Mosman,2088,Primary,-33.8329,151.24,Independent,31,301,0,301,0,93
Northern Beaches Christian School,Terrey Hills,2084,Combined,-33.674,151.202,Independent,91,1228,532,696,0,7
Coogee Boys' Preparatory School,Randwick,2031,Primary,-33.9128,151.239,Independent,14,125,0,125,0,22
Oxford Falls Grammar School,Oxford Falls,2100,Combined,-33.7382,151.246,Independent,97,1126,553,573,0,8
St Andrew's Cathedral Gawura School,Sydney,2000,Primary,-33.8738,151.205,Independent,13,32,19,13,100,13
Pittwater House Schools,Collaroy,2097,Combined,-33.7409,151.291,Independent,103,848,383,465,0,20
International Chinese School,Chatswood,2067,Primary,-33.7955,151.177,Independent,7,40,26,14,0,58
Anzac Park Public School,Cammeray,2062,Primary,-33.8266,151.211,Government,34,619,319,300,1,50
Hills Montessori School,West Pennant Hills,2125,Combined,-33.7521,151.025,Independent,3,13,6,7,0,
Wentworth Point Public School,Wentworth Point,2127,Primary,-33.8233,151.08,Government,15,357,171,186,1,90
Lindfield Learning Village,Lindfield,2070,Combined,-33.7867,151.16112,Government,30,315,147,168,1,30
